filename,title,description,feature,topic,role,level
./metadata.md,,,,,,
./help/analyze/TOC.md,,,,,,
help/analyze/home.md,Analytics Tools Guide,"Product documentation and self-help for Analysis Workspace, Adobe Analytics dashboards, Activity Map, Report Builder, Reporting API, and Reports & Analytics.",Workspace Basics,,"Business Practitioner, Administrator",
help/analyze/analysis-workspace/home.md,What is Analysis Workspace and how do I use it?,"Analysis Workspace is the premier analysis tool for Adobe Analytics. It lets you use panels, tables, visualizations, and other components to bring data to life, curate a dataset, share and schedule projects, among other capabilities.",Workspace Basics,,"Business Practitioner, Administrator",
help/analyze/analysis-workspace/new-features-in-analysis-workspace.md,What's New in Analysis Workspace,New features in Analysis Workspace.,Workspace Basics,,"Business Practitioner, Administrator",
help/analyze/analysis-workspace/build-workspace-project/freeform-overview.md,Projects overview,Learn the basics of working in a Workspace project.,Workspace Basics,,"Business Practitioner, Administrator",
help/analyze/analysis-workspace/build-workspace-project/save-projects.md,Save projects,"Learn about the different save options, including autosave, save as, and save as template.",Workspace Basics,,"Business Practitioner, Administrator",
help/analyze/analysis-workspace/build-workspace-project/starter-projects.md,Templates,Create workspace projects based on standard or custom templates.,Workspace Basics,,"Business Practitioner, Administrator",
help/analyze/analysis-workspace/build-workspace-project/multiple-report-suites.md,Multiple report suites,Learn how and why to create projects in Workspace with multiple report suites,Workspace Basics,,"Business Practitioner, Administrator",
help/analyze/analysis-workspace/build-workspace-project/fa-shortcut-keys.md,Hotkeys (shortcuts),"Keyboard interactions, shortcut keys and point-and-click behaviors available in Analysis Workspace.",Workspace Basics,,"Business Practitioner, Administrator",
help/analyze/analysis-workspace/build-workspace-project/color-palettes.md,What are Visualization Color Palettes and How do they Work?,How to use the visualization color palette in Analysis Workspace,Workspace Basics,,"Business Practitioner, Administrator",
help/analyze/analysis-workspace/build-workspace-project/view-density.md,View Density,Learn how to adjust the view density.,Workspace Basics,,"Business Practitioner, Administrator",
help/analyze/analysis-workspace/components/analysis-workspace-components.md,Components overview,"Components in Analysis Workspace consist of dimensions, metrics, segments, and date ranges that you can drag-and-drop onto a project. ",Workspace Basics,,"Business Practitioner, Administrator",
help/analyze/analysis-workspace/components/dimensions/view-dimensions.md,Preview dimensions,View the top values of a dimension before using it in a project.,Workspace Basics,,"Business Practitioner, Administrator",
help/analyze/analysis-workspace/components/dimensions/t-breakdown-fa.md,Break down dimensions,Break down dimensions and dimension items in Analysis Workspace.,Workspace Basics,,"Business Practitioner, Administrator",
help/analyze/analysis-workspace/components/dimensions/time-parting-dimensions.md,Time-parting dimensions,"Time parting takes the timestamp of collected hits and breaks it into more meaningful dimensions, such as ""Hour of Day"" or ""Day of Week"".",Workspace Basics,,"Business Practitioner, Administrator",
help/analyze/analysis-workspace/components/apply-create-metrics.md,Metrics,There are two ways to use metrics in Analysis Workspace.,Workspace Basics,,"Business Practitioner, Administrator",
help/analyze/analysis-workspace/components/t-freeform-project-segment.md,Segments,Use segments in Analysis Workspace.,Workspace Basics,,"Business Practitioner, Administrator",
help/analyze/analysis-workspace/components/calendar-date-ranges/calendar.md,Calendar and date ranges overview,"In the calendar, you can specify dates and date ranges, or select a preset.",Workspace Basics,,"Business Practitioner, Administrator",
help/analyze/analysis-workspace/components/calendar-date-ranges/custom-date-ranges.md,Create custom date ranges,"Create custom date ranges in Analysis Workspace, and save them as Time components.",Workspace Basics,,"Business Practitioner, Administrator",
help/analyze/analysis-workspace/components/calendar-date-ranges/time-comparison.md,Date comparison,"Date Comparison in Analysis Workspace lets you take any column containing a date range and create a common date comparison, such as  year-over-year, quarter-over-quarter, month-over-month, etc.",Workspace Basics,,"Business Practitioner, Administrator",
help/analyze/analysis-workspace/visualizations/freeform-analysis-visualizations.md,Visualizations overview,Visually represent your data with visualizations.,Visualizations,,"Business Practitioner, Administrator",
help/analyze/analysis-workspace/visualizations/t-sync-visualization.md,Manage data sources,Synchronizing visualizations lets you control which data table or data source corresponds to a visualization.,Visualizations,,"Business Practitioner, Administrator",
help/analyze/analysis-workspace/visualizations/freeform-table/freeform-table.md,Freeform table,Freeform tables are the foundation for data analysis in Workspace,Freeform Tables,,"Business Practitioner, Administrator",
help/analyze/analysis-workspace/visualizations/freeform-table/column-row-settings/column-settings.md,Column settings,"Column settings let you configure column formatting, some of which can be conditional.",Freeform Tables,,"Business Practitioner, Administrator",
help/analyze/analysis-workspace/visualizations/freeform-table/column-row-settings/table-settings.md,Row settings,Row settings vary depending on which component you have dragged into the table.,Freeform Tables,,"Business Practitioner, Administrator",
help/analyze/analysis-workspace/visualizations/freeform-table/column-row-settings/manual-vs-dynamic-rows.md,Dynamic vs static dimension items in freeform tables,How to interact with dynamic and static dimension items in tables.,Freeform Tables,,"Business Practitioner, Administrator",
help/analyze/analysis-workspace/visualizations/freeform-table/pagination-filtering-sorting.md,"Pagination, filtering and sorting tables","Video discussing pagination, filtering and sorting.",Freeform Tables,,"Business Practitioner, Administrator",
help/analyze/analysis-workspace/visualizations/freeform-table/workspace-totals.md,Workspace totals,How Workspace totals are calculated.,Freeform Tables,,"Business Practitioner, Administrator",
help/analyze/analysis-workspace/visualizations/cohort-table/cohort-analysis.md,What is Cohort Analysis and how does it work?,Dig deeper into the data around your audience and break into related groups with Cohort Analysis. Learn about cohort analysis in Analysis Workspace.,Visualizations,,"Business Practitioner, Administrator",
help/analyze/analysis-workspace/visualizations/cohort-table/t-cohort.md,Run a cohort analysis report,Create a cohort and run a cohort analysis report in Analysis Workspace.,Visualizations,,"Business Practitioner, Administrator",
help/analyze/analysis-workspace/visualizations/cohort-table/cohort-use-cases.md,Cohort analysis use cases,Use case examples for cohort analysis.,Visualizations,,"Business Practitioner, Administrator",
help/analyze/analysis-workspace/visualizations/fallout/fallout-flow.md,Fallout overview,Use the fallout visualization in a Workspace project.,Visualizations,,"Business Practitioner, Administrator",
help/analyze/analysis-workspace/visualizations/fallout/configuring-fallout.md,Configure a fallout visualization,Configure a fallout visualization.,Visualizations,,"Business Practitioner, Administrator",
help/analyze/analysis-workspace/visualizations/fallout/configuring-interdimensional-fallout.md,Inter-dimensional fallout,Fallout in Analysis Workspace lets you to mix and match dimensions and metrics as touchpoints in funnels and workflows. This gives you more flexibility in defining the user steps you want to investigate.,Visualizations,,"Business Practitioner, Administrator",
help/analyze/analysis-workspace/visualizations/fallout/compare-segments-fallout.md,Apply segments in fallout analysis,"You can create segments from a touchpoint, add segments as touchpoint, and compare key workflows across various segments in Analysis Workspace.",Visualizations,,"Business Practitioner, Administrator",
help/analyze/analysis-workspace/visualizations/c-flow/flow.md,Flow overview,Use the flow visualization in a Workspace project.,Visualizations,,"Business Practitioner, Administrator",
help/analyze/analysis-workspace/visualizations/c-flow/creating-flow-report.md,Configure a flow visualization,Use the flow visualization in a Workspace project.,Visualizations,,"Business Practitioner, Administrator",
help/analyze/analysis-workspace/visualizations/c-flow/flow-settings.md,Flow settings,Use the flow visualization in a Workspace project.,Visualizations,,"Business Practitioner, Administrator",
help/analyze/analysis-workspace/visualizations/c-flow/multi-dimensional-flow.md,Inter-dimensional flows,An inter-dimensional flow lets you examine user paths across various dimensions.,Visualizations,,"Business Practitioner, Administrator",
help/analyze/analysis-workspace/visualizations/histogram.md,Histogram,A histogram is a new visualization type in Analysis Workspace.,Visualizations,,"Business Practitioner, Administrator",
help/analyze/analysis-workspace/visualizations/map-visualization.md,Map,Use the map visualization in a Workspace project.,Visualizations,,"Business Practitioner, Administrator",
help/analyze/analysis-workspace/visualizations/venn.md,Venn,The Venn visualization lets you drag in up to 3 segments (from Components) and one metric to build a Venn diagram.,Visualizations,,"Business Practitioner, Administrator",
help/analyze/analysis-workspace/visualizations/area.md,Area and area stacked,"This Workspace visualization is like a line graph, but with a colored area below the line.",Visualizations,,"Business Practitioner, Administrator",
help/analyze/analysis-workspace/visualizations/bar.md,Bar and bar stacked,Use the bar visualization in a Workspace project.,Visualizations,,"Business Practitioner, Administrator",
help/analyze/analysis-workspace/visualizations/bullet-graph.md,Bullet graph,Lets you see how a value you are interested in compares to or measures against other performance ranges (goals).,Visualizations,,"Business Practitioner, Administrator",
help/analyze/analysis-workspace/visualizations/donut.md,Donut,Use the donut visualization in a Workspace project.,Visualizations,,"Business Practitioner, Administrator",
help/analyze/analysis-workspace/visualizations/horizontal-bar.md,Horizontal Bar and Horizontal Bar Stacked,Use the horizontal bar visualization in a Workspace project.,Visualizations,,"Business Practitioner, Administrator",
help/analyze/analysis-workspace/visualizations/line.md,Line,Use the line visualization to depict trended (time-based) data sets,Visualizations,,"Business Practitioner, Administrator",
help/analyze/analysis-workspace/visualizations/scatterplot.md,Scatterplot,A visualization that shows the relationship between up to three metrics.,Visualizations,,"Business Practitioner, Administrator",
help/analyze/analysis-workspace/visualizations/summary-number-change.md,Summary Number and Summary Change,Use the Summary Number and Change visualizations to display important data points in a project.,Visualizations,,"Business Practitioner, Administrator",
help/analyze/analysis-workspace/visualizations/text.md,Text,Lets you add user-defined text to your Workspace.,Visualizations,,"Business Practitioner, Administrator",
help/analyze/analysis-workspace/visualizations/treemap.md,Treemap,Displays hierarchical (tree-structured) data as a set of nested rectangles.,Visualizations,,"Business Practitioner, Administrator",
help/analyze/analysis-workspace/c-panels/panels.md,Panels overview,A panel is a collection of tables and visualizations,Panels,,"Business Practitioner, Administrator",
help/analyze/analysis-workspace/c-panels/a4t-panel.md,Analytics for Target (A4T) panel,Analytics for Target (A4T) panel lets you analyze your Adobe Target activities and experiences in Analysis Workspace.,Panels,,"Business Practitioner, Administrator",
help/analyze/analysis-workspace/c-panels/attribution.md,Attribution panel,How to use and interpret the attribution panel in Analysis Workspace.,Attribution,,"Business Practitioner, Administrator",
help/analyze/analysis-workspace/c-panels/blank-panel.md,Blank panel,Create a blank panel as a starting point for any visualization.,Panels,,"Business Practitioner, Administrator",
help/analyze/analysis-workspace/c-panels/freeform-panel.md,Freeform panel,Learn about freeform panels,Panels,,"Business Practitioner, Administrator",
help/analyze/analysis-workspace/c-panels/media-concurrent-viewers.md,Media Concurrent Viewers panel,How to use and interpret the Media Concurrent Viewers panel in Analysis Workspace.,Panels,,"Business Practitioner, Administrator",
help/analyze/analysis-workspace/c-panels/quickinsight.md,Quick Insights panel,Quick Insights is a tool for new Workspace users that guides them in building data tables and visualizations,Panels,,"Business Practitioner, Administrator",
help/analyze/analysis-workspace/c-panels/c-segment-comparison/segment-comparison.md,Segment comparison panel overview,"Learn how to use the segment comparison panel, part of Segment IQ in Analysis Workspace.",Panels,,"Business Practitioner, Administrator",
help/analyze/analysis-workspace/c-panels/c-segment-comparison/segment-compare-use-cases.md,Segment comparison use cases,Learn real-world use cases on how the segment comparison panel can be used to gain insight into marketing strategy.,Panels,,"Business Practitioner, Administrator",
help/analyze/analysis-workspace/c-panels/c-segment-comparison/statistical-test.md,Statistical tests used in segment comparison,"Each of the top comparison tables show a difference score that is calculated by several statistical tests depending on the comparison being made;however, no matter which test is used, the difference score is shown as a value between 0 and 1.",,Reports and analytics,"Business Practitioner, Administrator",
help/analyze/analysis-workspace/curate-share/send-schedule-files.md,Share menu,"You can curate, share and schedule PDF/CSV projects to recipients in your organiziation.",Curate and Share,,"Business Practitioner, Administrator",
help/analyze/analysis-workspace/curate-share/curate.md,Curate projects,Curation lets you limit components before sharing a project.,Curate and Share,,"Business Practitioner, Administrator",
help/analyze/analysis-workspace/curate-share/share-projects.md,Share projects,Project sharing and project roles in Workspace,Curate and Share,,"Business Practitioner, Administrator",
help/analyze/analysis-workspace/curate-share/shareable-links.md,Create shareable links,Learn how to create shareable links to projects or visualizations,Curate and Share,,"Business Practitioner, Administrator",
help/analyze/analysis-workspace/curate-share/view-only-projects.md,View-only projects,View-only projects in Workspace,Curate and Share,,"Business Practitioner, Administrator",
help/analyze/analysis-workspace/curate-share/download-send.md,Download PDF or CSV files,"You can download data from Analysis Workspace by copying it, or in PDF and CSV formats.",Curate and Share,,"Business Practitioner, Administrator",
help/analyze/analysis-workspace/curate-share/t-schedule-report.md,Schedule projects,Send an Analysis Workspace project via email or schedule it for delivery.,Curate and Share,,"Business Practitioner, Administrator",
help/analyze/analysis-workspace/attribution/overview.md,Attribution overview,The concept of attributing credit of a success event to multiple dimension items.,Attribution,,"Business Practitioner, Administrator",
help/analyze/analysis-workspace/attribution/models.md,Attribution models and lookback windows,How different types of attribution divide credit between dimension items.,Attribution,,"Business Practitioner, Administrator",
help/analyze/analysis-workspace/attribution/algorithmic.md,Algorithmic attribution,Details on the algorithmic attribution model.,Attribution,,"Business Practitioner, Administrator",
help/analyze/analysis-workspace/attribution/faq.md,Attribution FAQ,Get answers to commonly asked questions around attribution.,Attribution,,"Business Practitioner, Administrator",
help/analyze/analysis-workspace/journey-iq.md,Journey IQ,"Understand the features that make up Journey IQ, a set of features that are a part of Adobe Analytics.",AI Tools,,"Business Practitioner, Administrator",
help/analyze/analysis-workspace/segment-iq.md,Segment IQ Overview,Learn about what Adobe Analytics Segment IQ is and how it can help your organization.,AI Tools,,"Business Practitioner, Administrator",
help/analyze/analysis-workspace/virtual-analyst/overview.md,Virtual Analyst,Learn what features in Adobe Analytics contribute to the Virtual Analyst.,AI Tools,,"Business Practitioner, Administrator",
help/analyze/analysis-workspace/virtual-analyst/c-anomaly-detection/anomaly-detection.md,Anomaly Detection overview,"You can view and analyze data anomalies contextually, within Analysis Workspace.",AI Tools,,"Business Practitioner, Administrator",
help/analyze/analysis-workspace/virtual-analyst/c-anomaly-detection/view-anomalies.md,View anomalies in Analysis Workspace,You can view anomalies in a table or in a line chart.,AI Tools,,"Business Practitioner, Administrator",
help/analyze/analysis-workspace/virtual-analyst/c-anomaly-detection/anomaly-detection-turnoff.md,Turn off anomaly detection,Turn off Anomaly detection on any metric.,AI Tools,,"Business Practitioner, Administrator",
help/analyze/analysis-workspace/virtual-analyst/c-anomaly-detection/statistics-anomaly-detection.md,Statistical techniques used in anomaly detection,Data inconsistencies can cause big problems. Learn how to identify statistical anomalies with anomaly detection techniques from Adobe. Get started today.,AI Tools,,"Business Practitioner, Administrator",
help/analyze/analysis-workspace/virtual-analyst/contribution-analysis/ca-tokens.md,Contribution Analysis overview,Use Contribution Analysis to identify statistical anomalies and correlations in data.,AI Tools,,"Business Practitioner, Administrator",
help/analyze/analysis-workspace/virtual-analyst/contribution-analysis/run-contribution-analysis.md,Run Contribution Analysis,Run a Contribution Analysis report in a Workspace project.,AI Tools,,"Business Practitioner, Administrator",
help/analyze/analysis-workspace/virtual-analyst/contribution-analysis/statistics-contribution-analysis.md,Statistical techniques used in Contribution Analysis,Contribution Analysis is an intensive machine learning process designed to uncover contributors to an observed anomaly in Adobe Analytics. The intent is to assist the user in finding areas of focus or opportunities for additional analysis much more quickly than would otherwise be possible.,AI Tools,,"Business Practitioner, Administrator",
help/analyze/analysis-workspace/c-intelligent-alerts/intellligent-alerts.md,Intelligent Alerts overview,The new Intelligent Alerts system allows for more granular control over alerts and integrates anomaly detection with the alert system.,AI Tools,,"Business Practitioner, Administrator",
help/analyze/analysis-workspace/c-intelligent-alerts/alert-builder.md,Alert Builder,Get alerts when project components reach certain thresholds.,AI Tools,,"Business Practitioner, Administrator",
help/analyze/analysis-workspace/c-intelligent-alerts/alert-manager.md,Alert Manager,"Create, edit, or delete alerts.",AI Tools,,"Business Practitioner, Administrator",
help/analyze/analysis-workspace/c-intelligent-alerts/alerts-use-cases.md,Intelligent Alerts - use cases,Use cases for intelligent alerts.,AI Tools,,"Business Practitioner, Administrator",
help/analyze/analysis-workspace/user-preferences.md,How to set user preferences in Analysis Workspace,,Workspace Basics,,"Business Practitioner, Administrator",
help/analyze/analysis-workspace/workspace-faq/faq.md,Frequently asked questions and troubleshooting Workspace,Workspace FAQs,Workspace Basics,,"Business Practitioner, Administrator",
help/analyze/analysis-workspace/workspace-faq/optimizing-performance.md,Analysis Workspace performance factors and optimization,Factors that will impact Workspace performance and optimizations you can make,Workspace Basics,,"Business Practitioner, Administrator",
help/analyze/analysis-workspace/workspace-faq/error-messages.md,Common error messages in Analysis Workspace,List of error messages in Adobe Analysis Workspace and its related components,Workspace Basics,,"Business Practitioner, Administrator",
help/analyze/analysis-workspace/workspace-faq/aw-limitations.md,Known limitations in Analysis Workspace,List of known limitations in Adobe Analysis Workspace and its related components,Workspace Basics,,"Business Practitioner, Administrator",
help/analyze/analysis-workspace/workspace-faq/frequently-asked-questions-analysis-workspace.md,Administration requirements,System requirements for Analysis Workspace.,Workspace Basics,,"Business Practitioner, Administrator",
help/analyze/analysis-workspace/workspace-faq/aw-accessibility.md,Accessibility in Analysis Workspace,Accessibility support features in Analysis Workspace,Workspace Basics,,"Business Practitioner, Administrator",
help/analyze/report-builder/home.md,Report Builder for Adobe Analytics,Use Report Builder to bring Adobe Analytics data directly into Microsoft Excel. Find out how installing and using Report Builder can boost your business.,Workspace Basics,,"Business Practitioner, Administrator",
help/analyze/report-builder/setup/system-requirements.md,System requirements,System recommendations and prerequisites.,Report builder,,"Business Practitioner, Administrator",
help/analyze/report-builder/setup/t-install-arb.md,Install Report Builder,Steps that describe how to install Report Builder.,Report builder,,"Business Practitioner, Administrator",
help/analyze/report-builder/setup/upgrade-arb.md,Upgrade Report Builder,Steps for and considerations regarding upgrading Report Builder.,Report builder,,"Business Practitioner, Administrator",
help/analyze/report-builder/setup/login.md,How to Sign In to Report Builder,Learn how to sign in to Report Builder using your Experience Cloud login account.,Report builder,,"Business Practitioner, Administrator",
help/analyze/report-builder/setup/t-uninstall-arb.md,Uninstall Report Builder,Steps that describe how to uninstall Adobe Report Builder.,Report builder,,"Business Practitioner, Administrator",
help/analyze/report-builder/setup/invoke-arb-excel-function.md,Invoke Report Builder functionality from Microsoft Excel functions,"This ability further integrates Report Builder usage within the natural Excel workflow, without requiring you to access the Report Builder user interface.",Report builder,,"Business Practitioner, Administrator",
help/analyze/report-builder/reportbuilder-toolbar.md,Report Builder toolbar,Information to help you understand the function of the buttons on the Report Builder toolbar.,Report builder,,"Business Practitioner, Administrator",
help/analyze/report-builder/data-requests/data-requests.md,Data requests - Request Wizard Step 1,The first step when creating a request in Report Builder.,,,"Business Practitioner, Administrator",
help/analyze/report-builder/data-requests/t-create-a-data-request.md,Create a data request,Steps to create a basic Report Builder data request.,Report builder,,"Business Practitioner, Administrator",
help/analyze/report-builder/data-requests/selecting-report-suites/t-select-report-suites.md,Select a report suite,Steps to help you select a report suite in Excel.,Report builder,,"Business Practitioner, Administrator",
help/analyze/report-builder/data-requests/selecting-report-suites/t-select-a-report-suite-from-an-existing-request-in-excel.md,Select a report suite from an existing request in Excel,Steps to help you select a report suite from the existing request.,Report builder,,"Business Practitioner, Administrator",
help/analyze/report-builder/data-requests/selecting-report-suites/use-excel-to-locate-a-report-suite-id.md,Use Excel to locate a report suite ID,"If you do not know a report suite's ID, you can drag and drop the value in the Report Suite field in the Report Suite menu to a cell in your Excel workbook.",Report builder,,"Business Practitioner, Administrator",
help/analyze/report-builder/data-requests/segmentation.md,Manage segments,"How to add, edit, apply, and filter Adobe Analytics segments in Report Builder.",Report builder,,"Business Practitioner, Administrator",
help/analyze/report-builder/data-requests/allow-publishing-list-overrides.md,Allow Publishing List Overrides,"When you schedule a report, you can choose a publishing list to use for distribution.",Report builder,,"Business Practitioner, Administrator",
help/analyze/report-builder/data-requests/c-report-types/select-report-types.md,Report types overview,"You can select the base report type for your data request, such as Site Metrics, Site Content, and Video.",Report builder,,"Business Practitioner, Administrator",
help/analyze/report-builder/data-requests/c-report-types/report-path-fallout.md,Path and path fallout reports in Report Builder,Describes how report builder supports pathing and fallout reports and how the implementation differs from Reports & Analytics.,Report builder,,"Business Practitioner, Administrator",
help/analyze/report-builder/data-requests/c-report-types/path-filter.md,Filter a Path Report Using the Request Wizard,Describes the steps involved in applying filters to a pathing report.,Report builder,,"Business Practitioner, Administrator",
help/analyze/report-builder/data-requests/c-report-types/fallout-filter.md,Filter a Fallout Report Using the Request Wizard,Describes the steps involved in applying filters to a fallout report.,Report builder,,"Business Practitioner, Administrator",
help/analyze/report-builder/data-requests/c-report-types/create-toppath-filter.md,Filter Path Reports by Adding Dependent Requests,Describes how to create path reports with predefined filters.,Report builder,,"Business Practitioner, Administrator",
help/analyze/report-builder/data-requests/c-report-types/t-select-report-type.md,Select a report type,Steps to select the base report type for your data request.,Report builder,,"Business Practitioner, Administrator",
help/analyze/report-builder/data-requests/import-bookmarked.md,Import bookmarked reports and dashboard reportlets,All bookmarked reports and dashboard reports are now listed as dimensions in the Request Wizard Step 1 and can be imported as report builder requests.,Report builder,,"Business Practitioner, Administrator",
help/analyze/report-builder/data-requests/configuring-report-dates/r-arb-preset-dates.md,Request Wizard definitions - preset dates,"Preset dates let you select commonly used dates or dates you have saved. On the Request Wizard  Step 1, choose Preset Dates. Here are the field definitions for preset dates in Report Builder.",Report builder,,"Business Practitioner, Administrator",
help/analyze/report-builder/data-requests/configuring-report-dates/t-fixed-dates-and-saved-date-ranges.md,Fixed dates and saved date ranges,"When you specify a fixed date or date range, report builder displays the reporting calendar, which lets you select a date, a date range, or a preset date. You can also save a fixed date to use as a template, and specify whether the saved dates are available for the current report suite or for all report suites.",Report builder,,"Business Practitioner, Administrator",
help/analyze/report-builder/data-requests/configuring-report-dates/r-arb-fixed-dates.md,Request Wizard definitions - fixed dates,Definitions for fixed dates in report builder.,Report builder,,"Business Practitioner, Administrator",
help/analyze/report-builder/data-requests/configuring-report-dates/t-rolling-dates.md,Rolling dates,Steps that describe how to customize a rolling date for your request.,Report builder,,"Business Practitioner, Administrator",
help/analyze/report-builder/data-requests/configuring-report-dates/r-arb-rolling-dates.md,Request Wizard definitions - rolling dates,Field definitions for rolling dates in report builder.,Report builder,,"Business Practitioner, Administrator",
help/analyze/report-builder/data-requests/configuring-report-dates/real-time.md,Real-time reports,"Displays web page traffic and ranks page views in real time, so that you can more quickly understand what is trending on your site.",Report builder,,"Business Practitioner, Administrator",
help/analyze/report-builder/data-requests/configuring-report-dates/t-real-time.md,Configure a real-time request,Steps that describe how to configure real-time request dates.,Report builder,,"Business Practitioner, Administrator",
help/analyze/report-builder/data-requests/configuring-report-dates/c-customized-date-expressions/t-customized-date-expressions.md,Customized date expressions - overview,You can specify a complex date range by building a custom expression.,Report builder,,"Business Practitioner, Administrator",
help/analyze/report-builder/data-requests/configuring-report-dates/c-customized-date-expressions/date-abbreviations.md,Date abbreviations,"Time abbreviations refer to a particular date when a period begins, not a range of days. A range of days is expressed by specifying a start and an end date for two time abbreviations (or terms).",Report builder,,"Business Practitioner, Administrator",
help/analyze/report-builder/data-requests/configuring-report-dates/c-customized-date-expressions/individual-starting-or-ending-dates.md,Individual starting or ending dates,Abbreviations for starting and ending dates.,Report builder,,"Business Practitioner, Administrator",
help/analyze/report-builder/data-requests/configuring-report-dates/c-customized-date-expressions/examples-of-date-ranges-using-customized-expressions.md,Examples of date ranges using customized expressions,"Examples, notes, and syntax notes about using date ranges in customized expressions.",Report builder,,"Business Practitioner, Administrator",
help/analyze/report-builder/data-requests/configuring-report-dates/c-customized-date-expressions/considerations.md,Customized Date Considerations,Two important considerations when using the Customize Expression to set the date range ,Report builder,,"Business Practitioner, Administrator",
help/analyze/report-builder/data-requests/configuring-report-dates/t-dates-from-a-cell.md,Dates from a cell,"You can specify a date range by selecting cells from a worksheet that contains a request. Report builder uses the specific date range information in those requests. If you select today's date, you see partial data based on the time of day the request runs.",Report builder,,"Business Practitioner, Administrator",
help/analyze/report-builder/data-requests/configuring-report-dates/granularity.md,Granularity,"On the Request Wizard  Step 1, you can apply a level of granularity to the data request. Granularity specifies the level of time-based detail that is included in the report.",Report builder,,"Business Practitioner, Administrator",
help/analyze/report-builder/data-requests/configuring-report-dates/custom-calendar.md,Custom calendar,"Report builder uses the Analytics custom calendar. You can use the calendar to define the first day of the week and year, or use a different retail calendar style. The calendar formats are used to for various purposes, including sales comparison and forecast standardization, payroll cost analysis, or physical inventory count regulation.",Report builder,,"Business Practitioner, Administrator",
help/analyze/report-builder/data-requests/interactive-controls.md,Interactive controls,Interactive Controls allow you to edit segments and date ranges for one or more requests directly from the worksheet. This gives you more flexibility when updating report builder requests.,Report builder,,"Business Practitioner, Administrator",
help/analyze/report-builder/layout/layout.md,Layout - Request Wizard Step 2,"The Request Wizard  Step 2 window lets you configure the report layout, header formatting, and dimension filtering for output. You can use a Pivot Layout to configure the request, which is similar how you create an Excel pivot table.",Report builder,,"Business Practitioner, Administrator",
help/analyze/report-builder/layout/c-metrics-dimensions/metrics-dimensions.md,Metrics and dimensions overview,You can add metrics and dimensions to the Request Wizard  Step 2 to define the Analytics layout of the data in your request. The list of metrics and dimensions in Report Builder follow the menu layout displayed in Reports and Analytics.,Report builder,,"Business Practitioner, Administrator",
help/analyze/report-builder/layout/c-metrics-dimensions/t-add-metrics-and-dimensions.md,Add metrics and dimensions,Steps to add metrics and dimensions to a request.,Report builder,,"Business Practitioner, Administrator",
help/analyze/report-builder/layout/c-metrics-dimensions/calculated-metrics.md,Calculated Metrics,"Report Builder 5.2 supports Adobe Analytics Unified Calculated Metrics. Among other innovations, all calculated metrics now have a global ID - they are no longer restricted to one report suite.",,,"Business Practitioner, Administrator",
help/analyze/report-builder/layout/c-metrics-dimensions/grouped-metrics.md,Combine traffic and commerce metrics in the same request,"You can now combine these two metric types in one and the same request, instead of having to create separate requests.",Report builder,,"Business Practitioner, Administrator",
help/analyze/report-builder/layout/c-metrics-dimensions/permissions-metrics-dimensions.md,User access permissions for dimensions and metrics,Adobe Report Builder now features permissioning settings analogous to those in the Analytics Admin Tools.,Report builder,,"Business Practitioner, Administrator",
help/analyze/report-builder/layout/c-metrics-dimensions/r-arb-modify-metrics.md,Modify metrics - field definitions,Field descriptions for configuring metrics in Report Builder.,Report builder,,"Business Practitioner, Administrator",
help/analyze/report-builder/layout/c-metrics-dimensions/c-ustomer-attributes.md,Customer attributes,"Customer attributes are stored in new type of element called VisAttr, which can be configured as a dimension or a metric.",,,"Business Practitioner, Administrator",
help/analyze/report-builder/layout/anomaly-detection.md,Anomaly Detection,"Anomaly detection uses statistical modeling to automatically find unexpected trends in your data. The model analyzes metrics and determines a lower bound, upper bound, and expected range of values. When an unexpected spike or drop occurs, the system alerts you in the report.",Report builder,,"Business Practitioner, Administrator",
help/analyze/report-builder/layout/t-anomaly.md,Configure an anomaly detection request,Steps that describe how to create an anomaly detection request in report builder.,Report builder,,"Business Practitioner, Administrator",
help/analyze/report-builder/layout/format-the-data.md,Format the date,"In addition to the standard cell formatting choices available through Excel's Format > Cells (Ctrl+1) feature, you can apply limited formatting to cell ranges with report builder. These formatting choices depend on the metric you have chosen.",Report builder,,"Business Practitioner, Administrator",
help/analyze/report-builder/layout/t-format-display-headers.md,Format display headers,You can name your report and configure how to display row and column headers. The Format Options link is available for the Pivot and Custom Layout types.,Report builder,,"Business Practitioner, Administrator",
help/analyze/report-builder/layout/hide-or-show-headers.md,Hide or show headers,This procedure describes how to hide or show headers.,Report builder,,"Business Practitioner, Administrator",
help/analyze/report-builder/layout/delete-output-mapping.md,Delete output mapping,"If you are editing your workbook and want to make room for new requests, you might need to delete requests.",Report builder,,"Business Practitioner, Administrator",
help/analyze/report-builder/layout/name-a-request.md,Name a request,"You can specify a custom name for your request, which displays in the Request Manager.",Report builder,,"Business Practitioner, Administrator",
help/analyze/report-builder/layout/prepend-and-postpend-text-to-cells.md,Prepend and postpend text to cells,"In Pivot and Custom Layout requests, for numeric or string values, you can prepend or postpend strings or characters to cells.",Report builder,,"Business Practitioner, Administrator",
help/analyze/report-builder/layout/configure-the-custom-layout.md,Configure the custom layout,"The Custom Layout provides most of the functionality of the Pivot Layout, but lets you choose where each item in the grid should be located in the spreadsheet. This layout provides the flexibility available in previous releases, including adding breakdowns and microcharts.",Report builder,,"Business Practitioner, Administrator",
help/analyze/report-builder/layout/map-metrics-and-dimensions-to-cells.md,Map metrics and dimensions to cells,"Before you begin to map items to the spreadsheet, ensure that your spreadsheet is not protected. If the protection scheme for your worksheet prevents any user actions, you will not be able to select cells in the spreadsheet. First, unprotect the sheet and then add cell mappings.",Report builder,,"Business Practitioner, Administrator",
help/analyze/report-builder/layout/t-create-a-microchart.md,Create a microchart,"In the Custom Layout, you can turn a metric column into a bar chart with a corresponding percentage value, or a percentage value with a corresponding bar chart. The percentage value is the metric value or total for the overall non-filtered request for the period.",Report builder,,"Business Practitioner, Administrator",
help/analyze/report-builder/layout/c-filter-dimensions/filter-dimensions.md,Filter dimensions overview,"You can filter on dimensions that you add to the Row Labels grid. Filters narrow the data returned by requests and can be applied from the Pivot or Custom Layouts. When you configure dimension filtering from the Pivot Layout, you can additionally specify the number of entries from cell.",Report builder,,"Business Practitioner, Administrator",
help/analyze/report-builder/layout/c-filter-dimensions/t-most-popular-filtering.md,Most popular filtering,Ranking and conditional filters that you configure using Boolean logic with AND/OR search expressions.,Report builder,,"Business Practitioner, Administrator",
help/analyze/report-builder/layout/c-filter-dimensions/t-specific-filters.md,Specific filters,Filters that apply specific dimension terms.,Report builder,,"Business Practitioner, Administrator",
help/analyze/report-builder/layout/c-filter-dimensions/saved-filters.md,Saved filters,"You can save filters or other parameters in report builder and use them in other worksheets or workbooks. These parameters are saved to Analytics, to ensure that they are available to other report builder users on other computers.",Report builder,,"Business Practitioner, Administrator",
help/analyze/report-builder/manage-requests/r-arb-manage-requests.md,Manage requests - definitions,Field descriptions for Manage Requests in Report Builder.,Report builder,,"Business Practitioner, Administrator",
help/analyze/report-builder/manage-requests/diagnostic-messages.md,Diagnostic messages,Diagnostic messages provide you information about the status of the request when you refresh it.,Report builder,,"Business Practitioner, Administrator",
help/analyze/report-builder/manage-requests/sort-ascending-or-descending.md,Sort ascending or descending,You can sort the requests listed in the Request Manager in ascending or descending order.,Report builder,,"Business Practitioner, Administrator",
help/analyze/report-builder/manage-requests/protected-worksheet-elements.md,Protected worksheet elements,"If you protect your worksheet (by locking cells), you cannot create, edit, or refresh requests. Remove all protection from your worksheet before using Request Manager.",Report builder,,"Business Practitioner, Administrator",
help/analyze/report-builder/manage-requests/t-edit-multiple-requests.md,Edit multiple requests,"You can change several requests at the same time, based on the request's report suite, granularity, and date range.",Report builder,,"Business Practitioner, Administrator",
help/analyze/report-builder/manage-requests/edit-multiple-metrics.md,Edit metrics across multiple requests,"The Edit Metrics Across Multiple Requests feature lets you easily add, remove, or replace metrics in a pre-existing request or across a group of requests.",,,"Business Practitioner, Administrator",
help/analyze/report-builder/manage-requests/t-refresh-a-request.md,Refresh a request,"You refresh requests after you update them with edits, filters, or you need to view more recent data. You can select several requests in a worksheet and refresh them all at once.",Report builder,,"Business Practitioner, Administrator",
help/analyze/report-builder/manage-requests/t-refresh-requests-for-all-sheets.md,Refresh requests for all sheets,You can refresh requests for all sheets or for multiple requests.,Report builder,,"Business Practitioner, Administrator",
help/analyze/report-builder/manage-requests/add-dependent-requests.md,Add dependent requests,A dependent request is a request that is dependent upon an existing request.,Report builder,,"Business Practitioner, Administrator",
help/analyze/report-builder/manage-requests/classification.md,Classification,Classification breakdowns are used to map analytics reporting data to related properties. Classifications can be used for a variety of purposes but are most commonly used for classifying campaign tracking codes (both internal and external) and product IDs.,Report builder,,"Business Practitioner, Administrator",
help/analyze/report-builder/manage-requests/c-copy-requests/copy-requests.md,Copy requests overview,"You can copy cells mapped with more than one request and paste the content to an empty, selected region of the spreadsheet.",Report builder,,"Business Practitioner, Administrator",
help/analyze/report-builder/manage-requests/c-copy-requests/t-copy-simple-requests.md,Copy simple requests,Copy a simple request rather than a referential request. A simple request is one that contains no references to another request or the contents of a cell.,Report builder,,"Business Practitioner, Administrator",
help/analyze/report-builder/manage-requests/c-copy-requests/copy-adjacent-requests.md,Copy adjacent requests,"In the same way that you copy and paste requests, you can also relocate requests to another part of the spreadsheet by selecting Cut Request from the shortcut menu.",Report builder,,"Business Practitioner, Administrator",
help/analyze/report-builder/manage-requests/c-copy-requests/t-copy-worksheets.md,Copy worksheets,Copy one spreadsheet to another in the same workbook.,Report builder,,"Business Practitioner, Administrator",
help/analyze/report-builder/manage-requests/c-copy-requests/t-copy-requests-and-worksheets-between-workbooks.md,Copy requests and worksheets between workbooks,Copy an entire spreadsheet in a source workbook to a spreadsheet in one or more target workbooks.,Report builder,,"Business Practitioner, Administrator",
help/analyze/report-builder/manage-requests/c-copy-requests/t-create-more-than-one-copy-of-a-request.md,Create more than one copy of a request,You can create more than one copy of an original request by filling a selected area of cells with as many copies of the request that will fit.,Report builder,,"Business Practitioner, Administrator",
help/analyze/report-builder/manage-requests/c-copy-requests/t-copy-referential-requests.md,Copy referential requests,"A referential request uses values from cells as input for parameters, such as a data filter or relational filter.",Report builder,,"Business Practitioner, Administrator",
help/analyze/report-builder/manage-requests/save-a-workbook-with-requests.md,Save a workbook with requests,"After creating reports with embedded requests, you can save them by clicking File > Save or File > Save As in Excel. Report builder detects whether the report contains requests. When you click on either of these save options, the Save Workbook As form is displayed.",Report builder,,"Business Practitioner, Administrator",
help/analyze/report-builder/manage-requests/specify-conditional-formatting.md,Specify conditional formatting,"After creating reports with embedded requests, you can apply conditional formatting to cells of the workbook.",Report builder,,"Business Practitioner, Administrator",
help/analyze/report-builder/manage-requests/offline-mode.md,Offline mode for creating and editing requests,Offline mode returns placeholder data to speed up the process of creating and editing requests.,Report builder,,"Business Practitioner, Administrator",
help/analyze/report-builder/options.md,Report Builder options,"On the Options panel, you can specify the date settings, latency settings (Current Data), log information, and configure updates.",Report builder,,"Business Practitioner, Administrator",
help/analyze/report-builder/schedule-report-requests.md,Schedule report requests,"You can schedule report requests, specify advanced delivery options, specify recipients, and view the schedule history. Advanced delivery options let you configure reports that you want to send at a specific time or in intervals. You can also specify the file format in which to send the report.",Report builder,,"Business Practitioner, Administrator",
help/analyze/report-builder/t-schedule-a-data-request.md,Schedule a data request,You can schedule reports to send according to the time and file format that you define.,Report builder,,"Business Practitioner, Administrator",
help/analyze/report-builder/r-arb-scheduled-reports.md,Scheduled Task Manager,Field descriptions for the Scheduled Task Manager.,Report builder,,"Business Practitioner, Administrator",
help/analyze/report-builder/workbook-library/t-upload-a-workbook.md,Upload a workbook,Upload a Report Builder Excel workbook that you want to share.,Report builder,,"Business Practitioner, Administrator",
help/analyze/report-builder/workbook-library/t-download-a-workbook.md,Download a workbook,Download and edit shared workbooks.,Report builder,,"Business Practitioner, Administrator",
help/analyze/report-builder/workbook-library/protect-wb.md,Lock/unlock workbooks,You can protect all requests in a workbook against adding and editing requests by locking the workbook. This enables offline editing of workbooks by pausing all report requests for more efficient editing.,Report builder,,"Business Practitioner, Administrator",
help/analyze/report-builder/workbook-library/schedule-macro-wb.md,Schedule macro-enabled workbooks,Adobe Report Builder supports the .xlsm format that lets you schedule macro-enabled workbooks.,Report builder,,"Business Practitioner, Administrator",
help/analyze/report-builder/c-publish-power-bi/power-bi.md,Publish to Power BI - Overview,Use Report Builder with Microsoft Power BI.,Report builder,,"Business Practitioner, Administrator",
help/analyze/report-builder/c-publish-power-bi/specifications-limits.md,Limitations and specifications,Limitations when using Report Builder and Microsoft Power BI.,Report builder,,"Business Practitioner, Administrator",
help/analyze/report-builder/c-publish-power-bi/bi-manually-import-data.md,Manually import data to Power BI,"If you want to import Analytics data manually through Power BI, follow these instructions.",Report builder,,"Business Practitioner, Administrator",
help/analyze/report-builder/c-publish-power-bi/bi-publish-to-desktop.md,Pull published assets into Power BI Desktop,Explains how to pull Report Builder-published assets into Power BI Desktop,Report builder,,"Business Practitioner, Administrator",
help/analyze/report-builder/c-publish-power-bi/bi-best-practices.md,Best practices,Power BI best practices.,Report builder,,"Business Practitioner, Administrator",
help/analyze/report-builder/c-publish-power-bi/troubleshooting.md,Troubleshooting Power BI integration,Common issues when using Report Builder with Power BI.,Report builder,,"Business Practitioner, Administrator",
help/analyze/report-builder/c-publish-power-bi/integration-power-bi.md,Adobe Analytics content packs for Power BI,"Adobe Analytics Content Packs provide pre-built Power BI dashboards and a set of Power BI reports that deliver insights about your site traffic and user dimensions. You can use the dashboard and reports provided, or customize them to highlight the information you care most about. The data will be refreshed automatically once per day.",Report builder,,"Business Practitioner, Administrator",
help/analyze/report-builder/vba.md,Visual Basic macros in Report Builder,Expand the functionality of Excel workbooks and Report Builder using VBA.,Report builder,,"Business Practitioner, Administrator",
help/analyze/report-builder/troubleshoot.md,Troubleshooting and best practices for Report Builder,"Ways you can optimize report builder delivery, and a list of error messages that could occur occasionally.",Report builder,,"Business Practitioner, Administrator",
help/analyze/report-builder/faq.md,Report Builder FAQ,Frequently asked questions for Report Builder.,Report builder,,"Business Practitioner, Administrator",
help/analyze/activity-map/activity-map.md,Activity Map overview,Activity Map is an Adobe Analytics application that is designed to rank link activity using visual overlays and provide a dashboard of real-time analytics to monitor audience engagement of your web pages.,Activity map,,"Business Practitioner, Administrator",
help/analyze/activity-map/activitymap-getting-started/activitymap-getting-started-admins/activitymap-enable.md,Enable Activity Map,Explains the steps the Analytics Admin needs to complete to enable Activity Map link collection and user download.,Activity map,,"Business Practitioner, Administrator",
help/analyze/activity-map/activitymap-getting-started/activitymap-getting-started-admins/activitymap-sample-implementation-code.md,View sample Activity Map implementation code,Example of how the AppMeasurement library and the Activity Map module are combined in the Adobe Analytics implementation code,Activity map,,"Business Practitioner, Administrator",
help/analyze/activity-map/activitymap-getting-started/activitymap-getting-started-users/activitymap-install.md,Install Activity Map browser plug-ins,The installation process varies depending on which browser you are using.,Activity map,,"Business Practitioner, Administrator",
help/analyze/activity-map/activitymap-getting-started/activitymap-getting-started-users/activitymap-launch.md,Launch Activity Map,"Assuming that the correct browser plug-in is installed, you can launch Activity Map directly from your web page.",Activity map,,"Business Practitioner, Administrator",
help/analyze/activity-map/lnk-tracking-overview.md,Robust link tracking,Activity Map tracks links with a more robust algorithm that ,Activity map,,"Business Practitioner, Administrator",
help/analyze/activity-map/activitymap-link-tracking/activitymap-link-tracking-methodology.md,Link tracking methodology,"This section is intended for Adobe Analytics Administrators. It focuses on the new link tracking parameters and how they ensure link uniqueness and consistency across browsers and devices, and improve the handling of link repositioning on a page.",Activity map,,"Business Practitioner, Administrator",
help/analyze/activity-map/activitymap-link-tracking/link-tracking-faq.md,Link tracking FAQ,Frequently asked questions about link tracking in Activity Map.,Activity map,,"Business Practitioner, Administrator",
help/analyze/activity-map/activitymap-link-tracking/activitymap-link-tracking-use-case.md,Differentiate links that reference the same Link ID and region,"You can differentiate links by customizing the link ID using the s_objectID variable, by customizing the region, and by customizing the AppMeasurement ActivityMap module file.",Activity map,,"Business Practitioner, Administrator",
help/analyze/activity-map/activitymap-link-tracking/activitymap-stop-link-tracking.md,Stop link tracking,Steps for stopping link tracking in Activity Map or Legacy ClickMap.,Activity map,,"Business Practitioner, Administrator",
help/analyze/activity-map/activitymap-link-tracking/activitymap-stl-track-custom-elements.md,Use the tl() method with Activity Map,You can use the tl() method to track custom elements and to configure overlay rendering for dynamic content.,Activity map,,"Business Practitioner, Administrator",
help/analyze/activity-map/activitymap-standard-live.md,Standard Mode vs. Live Mode,Activity Map provides two basic modes to provide complementary reporting of page activity.,Activity map,,"Business Practitioner, Administrator",
help/analyze/activity-map/activitymap-links-report.md,Links report,The Links report reports on the links that were found on the current page. It does not report on all the links that were collected for that page.,Activity map,,"Business Practitioner, Administrator",
help/analyze/activity-map/activitymap-page-flow.md,Page details,The Page Details tab displays the Page Report as a table and the Page Flow Report is shown as a bow tie (butterfly) report.,Activity map,,"Business Practitioner, Administrator",
help/analyze/activity-map/activitymap-complete-metrics.md,Complete set of metrics,Allows you to access a complete set of metrics from Adobe Analytics within the Activity Map toolbar.,Activity map,,"Business Practitioner, Administrator",
help/analyze/activity-map/activitymap-realtime.md,Real-time (Live) page analytics,Real-time page analytics (Live Mode) lets you obtain results with minute granularity in real time.,Activity map,,"Business Practitioner, Administrator",
help/analyze/activity-map/activitymap-multiple-segments.md,Customer segmentation,Lets you apply a multiple-segment filter within Activity Map.,Activity map,,"Business Practitioner, Administrator",
help/analyze/activity-map/activitymap-gainerslosers.md,Customizable overlays,Overlays give you multiple ways of configuring data visualization so that you can easily see and understand the popularity of links on a page.,Activity map,,"Business Practitioner, Administrator",
help/analyze/activity-map/activitymap-overlay-details.md,Overlay details,Overlay details are shown when you hover on top of a link overlay.,Activity map,,"Business Practitioner, Administrator",
help/analyze/activity-map/activitymap-csv.md,Export to CSV file,"In Standard Mode, export Analytics data from Activity Map to a Comma Separated Values (CSV) file.",Activity map,,"Business Practitioner, Administrator",
help/analyze/activity-map/activitymap-sysreqs.md,Supported systems and requirements,Activity Map is supported on the following web browsers.,Activity map,,"Business Practitioner, Administrator",
help/analyze/activity-map/activitymap-faq.md,Activity Map FAQ,"Frequently asked questions for setting up, configuring, and employing features in Activity Map.",Activity map,,"Business Practitioner, Administrator",
help/analyze/activity-map/activitymap-overlay-settings.md,Configure Activity Map settings,The Activity Map Setting Panel lets you modify the settings and properties for all types of overlay visualizations.,Activity map,,"Business Practitioner, Administrator",
help/analyze/activity-map/activitymap-user-interface.md,Activity Map user interface,The Activity Map UI is comprised of two parts ,Activity map,,"Business Practitioner, Administrator",
help/analyze/activity-map/activitymap-reporting-analytics.md,Activity Map reporting in Analytics,Describes how to set permissions and which dimensions are available in Analytics.,Activity map,,"Business Practitioner, Administrator",
help/analyze/activity-map/troubleshooting-browser-extensions.md,Troubleshooting browser extensions,Lists the browser parameters that are not compatible with the use of Activity Map. You should disable these settings.,Activity map,,"Business Practitioner, Administrator",
help/analyze/activity-map/troubleshoot-data-collection.md,Troubleshoot Activity Map data collection,Determine why you cannot see Activity Map data in image requests,Activity map,,"Business Practitioner, Administrator",
help/analyze/activity-map/activitymap-info-resources.md,Knowledge resources,Access additional information resources for Adobe Activity Map.,Activity map,,"Business Practitioner, Administrator",
help/analyze/reports-analytics/getting-started.md,Getting started with Reports and Analytics,"Before using Reports and Analytics, understand these basic login and setup tasks, and how to access account information.",Reports and analytics,,"Business Practitioner, Administrator",
help/analyze/reports-analytics/key-concepts.md,Adobe Analytics - key concepts,"This section contains the key concepts for Adobe Analytics, a brief description of the concept, and a specific documentation link with additional detail on the topic.",,,"Business Practitioner, Administrator",
help/analyze/reports-analytics/overview/overview-data-collection.md,About Data Collection,Learn about how data is collected for Adobe Analytics.,Reports and analytics,,"Business Practitioner, Administrator",
help/analyze/reports-analytics/overview/reports-menu.md,Reports Menu,An overview of the Reports menu in Reports & Analytics.,Reports and analytics,,"Business Practitioner, Administrator",
help/analyze/reports-analytics/overview/report-overview.md,Report Features,"An introduction to the features of a report, including the toolbar, calendar, and detail table.",Reports and analytics,,"Business Practitioner, Administrator",
help/analyze/reports-analytics/overview/overview-common-terms.md,Common Terms,An introduction to commonly used web analytics terms used in marketing reports.,"Reports,Reports and analytics",,"Business Practitioner, Administrator",
help/analyze/reports-analytics/overview/app-ios.md,Adobe Analytics for iOS,An introduction to the iPad application.,Reports and analytics,,"Business Practitioner, Administrator",
help/analyze/reports-analytics/report-settings.md,Report display settings and navigation,Settings that define how all reports appear and information that aps the default menu options to their location in the simplified menu.,,,"Business Practitioner, Administrator",
help/analyze/reports-analytics/scheduling.md,Report schedule and distribution,"Information about scheduling, downloading and distributing reports.","Reports,Reports and analytics",,"Business Practitioner, Administrator",
help/analyze/reports-analytics/reports.md,Reports,The dimensions and metrics that Reports & Analytics uses for each report.,Reports and analytics,,"Business Practitioner, Administrator",
help/analyze/reports-analytics/t-running-report-types.md,Run different report types,Steps on running the different report types.,Reports and analytics,,"Business Practitioner, Administrator",
help/analyze/reports-analytics/reports-customize/customizing-reports-overview.md,Customize reports overview,"After running a report, you can customize the report to view and analyze the data according to your needs. You can filter report data, change how data is presented graphically, change date granularity, and so on.",Reports and analytics,,"Business Practitioner, Administrator",
help/analyze/reports-analytics/reports-customize/t-reports-graphs.md,Change report graphs,Steps that describe how to customize the graph so that it is most useful for the intended audience.,Reports and analytics,,"Business Practitioner, Administrator",
help/analyze/reports-analytics/reports-customize/breakdowns.md,Breakdowns,"Use breakdowns when you want to know more about how a report item or segment relates to other reports. This is often called ""breaking down"" a report by another report.",Reports and analytics,,"Business Practitioner, Administrator",
help/analyze/reports-analytics/reports-customize/subrelations.md,Subrelations,"Full subrelations are enabled on all conversion reports, so you can break down any eVar by another eVar. The Breakdown By menu in the report table matches the standard Analytics reporting menu, keeping selections consistent",Reports and analytics,,"Business Practitioner, Administrator",
help/analyze/reports-analytics/reports-customize/t-reports-filter-options.md,Filtering Report Data,Filters allow you to narrow the report to include or exclude line items that match a filter.,Reports and analytics,,"Business Practitioner, Administrator",
help/analyze/reports-analytics/segmentation.md,Analytics Segmentation,"Segments are custom subsets of data, or data filtered by rules that you create. Segments are based on hits, visits, and visitors.",Reports,,"Business Practitioner, Administrator",
help/analyze/reports-analytics/bookmarks.md,Bookmark Manager,Bookmarks give you access to the reports that you use the most. The bookmarks you create are added to the Experience Cloud and are available in integrated capabilities like data connectors.,Reports and analytics,,"Business Practitioner, Administrator",
help/analyze/reports-analytics/current-data.md,Current Data,"The Include Current Data option in Reports & Analytics lets you view the latest Analytics data, often before data is fully processed and finalized. Current data displays most metrics within minutes, providing actionable data for quick decision making.",Reports and analytics,,"Business Practitioner, Administrator",
help/analyze/reports-analytics/dashboard.md,Dashboards and reportlets,"A dashboard is a collection of thumbnail reports called reportlets. A dashboard is most useful when it contains related reportlets that give you complete overviews of certain aspects of your site, such as finding methods, visitor profiles, and so on.",,,"Business Practitioner, Administrator",
help/analyze/reports-analytics/dashboard-manage.md,Dashboard Manager,"Use the Dashboard Manager to copy, share, archive, and schedule dashboards for delivery.",Reports,,"Business Practitioner, Administrator",
help/analyze/reports-analytics/data-extract.md,Data extract,"Data extracts let you choose the parameters you will view on both the X- and Y-axes of the report, as well as the item by which the report is filtered.",Reports and analytics,,"Business Practitioner, Administrator",
help/analyze/reports-analytics/funnels.md,Conversion Funnel,"Conversion ratios usually measure conversion between the starting, ending, and milestone events or points of a conversion process. After you code the success events onto your site, the report creates the ratios between these different success events and show them in a Conversion Funnel Report.",Reports and analytics,,"Business Practitioner, Administrator",
help/analyze/reports-analytics/metrics.md,Metrics,"Metrics are the foundation of reports and help you view and understand data relationships and enable side-by-side comparisons of different data sets about your website. Metrics are quantitative information about visitor activity, such as views, click-throughs, reloads, average time spent, units, orders, revenue, and so on.",Reports and analytics,,"Business Practitioner, Administrator",
help/analyze/reports-analytics/targets.md,Targets,"Targets let you measure your website performance and track progress against target goals. For example, you might want to increase the number of visitors that come from a geographic region, the revenue per order, or the number of hits that come from a specific referrer.",Reports and analytics,,"Business Practitioner, Administrator",
help/analyze/reports-analytics/alerts.md,Alerts,Use alerts in Reports & Analytics.,Alerts,,"Business Practitioner, Administrator",
help/analyze/reports-analytics/t-calendar-event.md,Calendar events,"Steps to add calendar events, and to manage shared events.",Calendar events,,"Business Practitioner, Administrator",
help/analyze/reports-analytics/frequently-asked-questions.md,Frequently Asked Questions,Provides answers and troubleshooting suggestions to some of the most frequently asked Analytics questions.,,,"Business Practitioner, Administrator",
help/analyze/reports-analytics/report-troubleshooting.md,Reporting best practices and troubleshooting,Best practices and troubleshooting tips when generating reports.,,,"Business Practitioner, Administrator",
help/analyze/mobile-app/home.md,Adobe Analytics dashboards - Overview,Product documentation and self-help for Adobe Analytics dashboards,Analytics Dashboards,,"Business Practitioner, Administrator",
help/analyze/mobile-app/curator.md,Adobe Analytics dashboards curator guide,Instructions for setting up the dashboards scorecards.,Analytics Dashboards,,"Business Practitioner, Administrator",
help/analyze/mobile-app/executive.md,Adobe Analytics dashboards executive guide,Instructions for using the dashboards scorecards.,Analytics Dashboards,,"Business Practitioner, Administrator",
help/analyze/pwa/pwa.md,PWAs for Analytics,Progressive web apps for Adobe Analytics,,,"Business Practitioner, Administrator",
help/analyze/c-reporting-api/c-reporting-api.md,Analytics Reporting API,Resources and links for the Reporting API.,API,,Developer,
help/analyze/c-reporting-api/api-comparison.md,Analytics Reporting API Comparison,A comparison table for Analytics reporting APIs. Links to supporting documentation are provided.,API,,Developer,
help/analyze/tech-previews/overview.md,Labs User Guide,Preview prototype projects for Adobe Analytics,Labs,,Administrator,