"Original XML Dita File","UUID","Transformed Markdown File"
"analytics-dataconnectors-master/data-connectors/src-migrate/appfigures_overview.xml","b9bdb88c-2d7d-4fe4-aa05-da531224993f","/data/DiscoIQ/projects/Adobe_Self-Service_Collaboration_20180104/content/xml-dita/analytics-dataconnectors-master/data-connectors/src-migrate/migration-test-20190801/appfigures-overview/appfigures-overview.md"
"analytics-dataconnectors-master/data-connectors/src-migrate/appfigures_benefits.xml","45e17ca6-f872-4b5b-bd98-dbac051b7cae","/data/DiscoIQ/projects/Adobe_Self-Service_Collaboration_20180104/content/xml-dita/analytics-dataconnectors-master/data-connectors/src-migrate/migration-test-20190801/appfigures-overview/appfigures-benefits.md"
"analytics-dataconnectors-master/data-connectors/src-migrate/appfigures_before_activation.xml","fdc762bc-24e3-4c0a-904d-d4be2a4f3a20","/data/DiscoIQ/projects/Adobe_Self-Service_Collaboration_20180104/content/xml-dita/analytics-dataconnectors-master/data-connectors/src-migrate/migration-test-20190801/appfigures-overview/appfigures-before-activation/appfigures-before-activation.md"
"analytics-dataconnectors-master/data-connectors/src-migrate/appfigures_analytics_requirements.xml","cc7e3b0e-3e4b-4aa7-899f-d6b8f82227dd","/data/DiscoIQ/projects/Adobe_Self-Service_Collaboration_20180104/content/xml-dita/analytics-dataconnectors-master/data-connectors/src-migrate/migration-test-20190801/appfigures-overview/appfigures-before-activation/appfigures-analytics-requirements.md"
"analytics-dataconnectors-master/data-connectors/src-migrate/appfigures_requirements.xml","ddfee95b-7698-4ad9-b5b0-f63d9c67cbed","/data/DiscoIQ/projects/Adobe_Self-Service_Collaboration_20180104/content/xml-dita/analytics-dataconnectors-master/data-connectors/src-migrate/migration-test-20190801/appfigures-overview/appfigures-before-activation/appfigures-requirements.md"
"analytics-dataconnectors-master/data-connectors/src-migrate/appfigures_pricing.xml","3c1115f6-473c-4ea9-b9eb-328c782b5bf1","/data/DiscoIQ/projects/Adobe_Self-Service_Collaboration_20180104/content/xml-dita/analytics-dataconnectors-master/data-connectors/src-migrate/migration-test-20190801/appfigures-overview/appfigures-before-activation/appfigures-pricing.md"
"analytics-dataconnectors-master/data-connectors/src-migrate/appfigures_variables.xml","08d5b714-1c97-4be6-aae8-1f8192535425","/data/DiscoIQ/projects/Adobe_Self-Service_Collaboration_20180104/content/xml-dita/analytics-dataconnectors-master/data-connectors/src-migrate/migration-test-20190801/appfigures-overview/appfigures-before-activation/appfigures-variables.md"
"analytics-dataconnectors-master/data-connectors/src-migrate/t_appfigures_integration.xml","7d82d343-ce68-4048-b21e-449c30118672","/data/DiscoIQ/projects/Adobe_Self-Service_Collaboration_20180104/content/xml-dita/analytics-dataconnectors-master/data-connectors/src-migrate/migration-test-20190801/appfigures-overview/t-appfigures-integration.md"
"analytics-dataconnectors-master/data-connectors/src-migrate/appfigures_metrics.xml","419a9031-1291-4ec0-a2e1-93993858991a","/data/DiscoIQ/projects/Adobe_Self-Service_Collaboration_20180104/content/xml-dita/analytics-dataconnectors-master/data-connectors/src-migrate/migration-test-20190801/appfigures-overview/appfigures-metrics.md"
"analytics-dataconnectors-master/data-connectors/src-migrate/appfigures_segment_filter.xml","9c2aaf0d-088f-4178-8ed1-a8124087a683","/data/DiscoIQ/projects/Adobe_Self-Service_Collaboration_20180104/content/xml-dita/analytics-dataconnectors-master/data-connectors/src-migrate/migration-test-20190801/appfigures-overview/appfigures-segment-filter.md"
"analytics-dataconnectors-master/data-connectors/src-migrate/aprimo-overview.xml","590ded4b-b250-43b4-9cec-68508b853e00","/data/DiscoIQ/projects/Adobe_Self-Service_Collaboration_20180104/content/xml-dita/analytics-dataconnectors-master/data-connectors/src-migrate/migration-test-20190801/aprimo-overview/aprimo-overview.md"
"analytics-dataconnectors-master/data-connectors/src-migrate/aprimo-benefits.xml","1140d0d1-5e4a-4cf6-b5b7-dc47270b4ca5","/data/DiscoIQ/projects/Adobe_Self-Service_Collaboration_20180104/content/xml-dita/analytics-dataconnectors-master/data-connectors/src-migrate/migration-test-20190801/aprimo-overview/aprimo-benefits.md"
"analytics-dataconnectors-master/data-connectors/src-migrate/aprimo-marketing_segments.xml","0090b356-aced-423e-aefe-61ce23d5a86f","/data/DiscoIQ/projects/Adobe_Self-Service_Collaboration_20180104/content/xml-dita/analytics-dataconnectors-master/data-connectors/src-migrate/migration-test-20190801/aprimo-overview/aprimo-marketing-segments.md"
"analytics-dataconnectors-master/data-connectors/src-migrate/aprimo-requirements.xml","b0646d22-358a-4662-8eb8-f300acce3d0d","/data/DiscoIQ/projects/Adobe_Self-Service_Collaboration_20180104/content/xml-dita/analytics-dataconnectors-master/data-connectors/src-migrate/migration-test-20190801/aprimo-overview/aprimo-requirements/aprimo-requirements.md"
"analytics-dataconnectors-master/data-connectors/src-migrate/aprimo-pricing.xml","91a75cbc-a4dd-436e-8edd-16c837cc6ac1","/data/DiscoIQ/projects/Adobe_Self-Service_Collaboration_20180104/content/xml-dita/analytics-dataconnectors-master/data-connectors/src-migrate/migration-test-20190801/aprimo-overview/aprimo-requirements/aprimo-pricing.md"
"analytics-dataconnectors-master/data-connectors/src-migrate/aprimo-variables.xml","1db2ddda-83be-40a0-adf8-78f01d1003c3","/data/DiscoIQ/projects/Adobe_Self-Service_Collaboration_20180104/content/xml-dita/analytics-dataconnectors-master/data-connectors/src-migrate/migration-test-20190801/aprimo-overview/aprimo-requirements/aprimo-variables.md"
"analytics-dataconnectors-master/data-connectors/src-migrate/t_aprimo-activate.xml","0a5d2d45-5133-4259-96ce-c992a1e314ee","/data/DiscoIQ/projects/Adobe_Self-Service_Collaboration_20180104/content/xml-dita/analytics-dataconnectors-master/data-connectors/src-migrate/migration-test-20190801/aprimo-overview/t-aprimo-activate.md"
"analytics-dataconnectors-master/data-connectors/src-migrate/aprimo-sitecatalyst_code.xml","60d80366-d144-465a-b3de-acc2341be1cd","/data/DiscoIQ/projects/Adobe_Self-Service_Collaboration_20180104/content/xml-dita/analytics-dataconnectors-master/data-connectors/src-migrate/migration-test-20190801/aprimo-overview/aprimo-sitecatalyst-code.md"
"analytics-dataconnectors-master/data-connectors/src-migrate/c_ContactLab_Data_Connector_for_Adobe_Analytics.xml","9e6ed7cd-dce1-4c00-9090-d4306202e3ea","/data/DiscoIQ/projects/Adobe_Self-Service_Collaboration_20180104/content/xml-dita/analytics-dataconnectors-master/data-connectors/src-migrate/migration-test-20190801/c-contactlab-data-connector-for-adobe-analytics/c-contactlab-data-connector-for-adobe-analytics.md"
"analytics-dataconnectors-master/data-connectors/src-migrate/ContactLab_Integration_Overview.xml","ffa95b00-a7b5-434a-9dd4-d1d383dd5c79","/data/DiscoIQ/projects/Adobe_Self-Service_Collaboration_20180104/content/xml-dita/analytics-dataconnectors-master/data-connectors/src-migrate/migration-test-20190801/c-contactlab-data-connector-for-adobe-analytics/contactlab-integration-overview.md"
"analytics-dataconnectors-master/data-connectors/src-migrate/ContactLab_Key_Benefits_and_Features.xml","a2772b1c-d615-41a9-962b-9747503dacec","/data/DiscoIQ/projects/Adobe_Self-Service_Collaboration_20180104/content/xml-dita/analytics-dataconnectors-master/data-connectors/src-migrate/migration-test-20190801/c-contactlab-data-connector-for-adobe-analytics/contactlab-key-benefits-and-features.md"
"analytics-dataconnectors-master/data-connectors/src-migrate/ContactLab_Integration_Prerequisites.xml","8a0f39b9-b27b-41c0-8922-2a6ecf7bbb12","/data/DiscoIQ/projects/Adobe_Self-Service_Collaboration_20180104/content/xml-dita/analytics-dataconnectors-master/data-connectors/src-migrate/migration-test-20190801/c-contactlab-data-connector-for-adobe-analytics/contactlab-integration-prerequisites.md"
"analytics-dataconnectors-master/data-connectors/src-migrate/ContactLab_Deploying_the_Integration.xml","df3f24c9-d2e3-489e-b97e-e1af0d5dd1fa","/data/DiscoIQ/projects/Adobe_Self-Service_Collaboration_20180104/content/xml-dita/analytics-dataconnectors-master/data-connectors/src-migrate/migration-test-20190801/c-contactlab-data-connector-for-adobe-analytics/contactlab-deploying-the-integration/contactlab-deploying-the-integration.md"
"analytics-dataconnectors-master/data-connectors/src-migrate/t_ContactLab_Completing_the_Adobe_Integration_Wizard.xml","a8135be3-fba3-436d-8959-faed40b15088","/data/DiscoIQ/projects/Adobe_Self-Service_Collaboration_20180104/content/xml-dita/analytics-dataconnectors-master/data-connectors/src-migrate/migration-test-20190801/c-contactlab-data-connector-for-adobe-analytics/contactlab-deploying-the-integration/t-contactlab-completing-the-adobe-integration-wizard.md"
"analytics-dataconnectors-master/data-connectors/src-migrate/t_ContactLab_Verifying_the_Integration.xml","9d0ff3ac-1517-4ead-be81-7a683d77758f","/data/DiscoIQ/projects/Adobe_Self-Service_Collaboration_20180104/content/xml-dita/analytics-dataconnectors-master/data-connectors/src-migrate/migration-test-20190801/c-contactlab-data-connector-for-adobe-analytics/contactlab-deploying-the-integration/t-contactlab-verifying-the-integration.md"
"analytics-dataconnectors-master/data-connectors/src-migrate/datran_Integration_Overview.xml","f97655c4-9623-4d06-a3c6-894246eba80f","/data/DiscoIQ/projects/Adobe_Self-Service_Collaboration_20180104/content/xml-dita/analytics-dataconnectors-master/data-connectors/src-migrate/migration-test-20190801/datran-integration-overview/datran-integration-overview.md"
"analytics-dataconnectors-master/data-connectors/src-migrate/datran_Key_Benefits.xml","2f433250-57cd-4c2d-9a13-0dc969fe199c","/data/DiscoIQ/projects/Adobe_Self-Service_Collaboration_20180104/content/xml-dita/analytics-dataconnectors-master/data-connectors/src-migrate/migration-test-20190801/datran-integration-overview/datran-key-benefits.md"
"analytics-dataconnectors-master/data-connectors/src-migrate/datran_Dynamic_Marketing_Segments.xml","8f875076-bd8a-421c-a168-054490540cb3","/data/DiscoIQ/projects/Adobe_Self-Service_Collaboration_20180104/content/xml-dita/analytics-dataconnectors-master/data-connectors/src-migrate/migration-test-20190801/datran-integration-overview/datran-dynamic-marketing-segments.md"
"analytics-dataconnectors-master/data-connectors/src-migrate/datran_Integration_Procedure_and_Prerequisites.xml","a75a67ee-2f1b-4cb2-a8d0-24b341da70b8","/data/DiscoIQ/projects/Adobe_Self-Service_Collaboration_20180104/content/xml-dita/analytics-dataconnectors-master/data-connectors/src-migrate/migration-test-20190801/datran-integration-overview/datran-integration-procedure-and-prerequisites.md"
"analytics-dataconnectors-master/data-connectors/src-migrate/datran_Pricing.xml","c19596de-5856-43f3-b933-23bb4cebacd5","/data/DiscoIQ/projects/Adobe_Self-Service_Collaboration_20180104/content/xml-dita/analytics-dataconnectors-master/data-connectors/src-migrate/migration-test-20190801/datran-integration-overview/datran-pricing.md"
"analytics-dataconnectors-master/data-connectors/src-migrate/datran_before_activating.xml","1b69d6e8-4140-4379-ab70-4ec2b80e82c1","/data/DiscoIQ/projects/Adobe_Self-Service_Collaboration_20180104/content/xml-dita/analytics-dataconnectors-master/data-connectors/src-migrate/migration-test-20190801/datran-integration-overview/datran-before-activating/datran-before-activating.md"
"analytics-dataconnectors-master/data-connectors/src-migrate/datran_analytics.xml","e65b26ab-54ed-49a0-ab33-a1d3cb6984c5","/data/DiscoIQ/projects/Adobe_Self-Service_Collaboration_20180104/content/xml-dita/analytics-dataconnectors-master/data-connectors/src-migrate/migration-test-20190801/datran-integration-overview/datran-before-activating/datran-analytics.md"
"analytics-dataconnectors-master/data-connectors/src-migrate/datran_prereqs.xml","bc2fcec6-d085-4dfb-9648-0c12e3c97226","/data/DiscoIQ/projects/Adobe_Self-Service_Collaboration_20180104/content/xml-dita/analytics-dataconnectors-master/data-connectors/src-migrate/migration-test-20190801/datran-integration-overview/datran-before-activating/datran-prereqs.md"
"analytics-dataconnectors-master/data-connectors/src-migrate/datran_configuring_Integration.xml","3cedc6ec-1453-4b1f-879c-972b0238d124","/data/DiscoIQ/projects/Adobe_Self-Service_Collaboration_20180104/content/xml-dita/analytics-dataconnectors-master/data-connectors/src-migrate/migration-test-20190801/datran-integration-overview/datran-configuring-integration.md"
"analytics-dataconnectors-master/data-connectors/src-migrate/t_datran_wizard.xml","714417f7-c1df-4e61-a07f-d319f6581c9c","/data/DiscoIQ/projects/Adobe_Self-Service_Collaboration_20180104/content/xml-dita/analytics-dataconnectors-master/data-connectors/src-migrate/migration-test-20190801/datran-integration-overview/t-datran-wizard.md"
"analytics-dataconnectors-master/data-connectors/src-migrate/delivra_Integration_Overview.xml","9d56d39c-98e6-4e9b-b00d-515df02ea879","/data/DiscoIQ/projects/Adobe_Self-Service_Collaboration_20180104/content/xml-dita/analytics-dataconnectors-master/data-connectors/src-migrate/migration-test-20190801/delivra-integration-overview/delivra-integration-overview.md"
"analytics-dataconnectors-master/data-connectors/src-migrate/delivra_Key_Benefits.xml","e1c42832-768a-4355-8ba8-c503bf71708d","/data/DiscoIQ/projects/Adobe_Self-Service_Collaboration_20180104/content/xml-dita/analytics-dataconnectors-master/data-connectors/src-migrate/migration-test-20190801/delivra-integration-overview/delivra-key-benefits.md"
"analytics-dataconnectors-master/data-connectors/src-migrate/delivra_Dynamic_Marketing_Segments.xml","5ec846e6-92b6-48ec-8a63-1801893d7402","/data/DiscoIQ/projects/Adobe_Self-Service_Collaboration_20180104/content/xml-dita/analytics-dataconnectors-master/data-connectors/src-migrate/migration-test-20190801/delivra-integration-overview/delivra-dynamic-marketing-segments.md"
"analytics-dataconnectors-master/data-connectors/src-migrate/delivra_Integration_Procedure_and_Prerequisites.xml","c6aeb1c4-2e82-491e-b969-305205c864f7","/data/DiscoIQ/projects/Adobe_Self-Service_Collaboration_20180104/content/xml-dita/analytics-dataconnectors-master/data-connectors/src-migrate/migration-test-20190801/delivra-integration-overview/delivra-integration-procedure-and-prerequisites.md"
"analytics-dataconnectors-master/data-connectors/src-migrate/delivra_Pricing.xml","0a37989f-e5a3-44c6-9a77-534b282168eb","/data/DiscoIQ/projects/Adobe_Self-Service_Collaboration_20180104/content/xml-dita/analytics-dataconnectors-master/data-connectors/src-migrate/migration-test-20190801/delivra-integration-overview/delivra-pricing.md"
"analytics-dataconnectors-master/data-connectors/src-migrate/delivra_Before_Activating_This_Integration.xml","8812fdbe-0acc-436b-be74-85420784ee23","/data/DiscoIQ/projects/Adobe_Self-Service_Collaboration_20180104/content/xml-dita/analytics-dataconnectors-master/data-connectors/src-migrate/migration-test-20190801/delivra-integration-overview/delivra-before-activating-this-integration/delivra-before-activating-this-integration.md"
"analytics-dataconnectors-master/data-connectors/src-migrate/delivra_analytics.xml","4cb15587-e84e-4f01-be7b-228ba0d8955c","/data/DiscoIQ/projects/Adobe_Self-Service_Collaboration_20180104/content/xml-dita/analytics-dataconnectors-master/data-connectors/src-migrate/migration-test-20190801/delivra-integration-overview/delivra-before-activating-this-integration/delivra-analytics.md"
"analytics-dataconnectors-master/data-connectors/src-migrate/delivra_for_Adobe_Genesis_Integration.xml","5a7336bd-d79c-46d5-8721-90ff4d904198","/data/DiscoIQ/projects/Adobe_Self-Service_Collaboration_20180104/content/xml-dita/analytics-dataconnectors-master/data-connectors/src-migrate/migration-test-20190801/delivra-integration-overview/delivra-before-activating-this-integration/delivra-for-adobe-genesis-integration.md"
"analytics-dataconnectors-master/data-connectors/src-migrate/delivra_Configuring_the_Genesis_Delivra_Integration.xml","f453e45a-4f56-4bb0-ac24-9ebc78e684f9","/data/DiscoIQ/projects/Adobe_Self-Service_Collaboration_20180104/content/xml-dita/analytics-dataconnectors-master/data-connectors/src-migrate/migration-test-20190801/delivra-integration-overview/delivra-configuring-the-genesis-delivra-integration.md"
"analytics-dataconnectors-master/data-connectors/src-migrate/t_delivra_Running_the_Genesis_Integration_Wizard.xml","387ac9d0-3719-49ff-81cb-1f05accf9b6c","/data/DiscoIQ/projects/Adobe_Self-Service_Collaboration_20180104/content/xml-dita/analytics-dataconnectors-master/data-connectors/src-migrate/migration-test-20190801/delivra-integration-overview/t-delivra-running-the-genesis-integration-wizard.md"
"analytics-dataconnectors-master/data-connectors/src-migrate/demandbase_home.xml","28fddb8f-06f6-4447-8257-4a59131bedbe","/data/DiscoIQ/projects/Adobe_Self-Service_Collaboration_20180104/content/xml-dita/analytics-dataconnectors-master/data-connectors/src-migrate/migration-test-20190801/demandbase-home/demandbase-home.md"
"analytics-dataconnectors-master/data-connectors/src-migrate/demandbase_benefits_and_features.xml","95405ebb-8aeb-43fe-af31-d1b37e97bf06","/data/DiscoIQ/projects/Adobe_Self-Service_Collaboration_20180104/content/xml-dita/analytics-dataconnectors-master/data-connectors/src-migrate/migration-test-20190801/demandbase-home/demandbase-benefits-and-features.md"
"analytics-dataconnectors-master/data-connectors/src-migrate/demandbase_prerequisites.xml","c82308c7-01ee-41b6-b597-dda341b91449","/data/DiscoIQ/projects/Adobe_Self-Service_Collaboration_20180104/content/xml-dita/analytics-dataconnectors-master/data-connectors/src-migrate/migration-test-20190801/demandbase-home/demandbase-prerequisites.md"
"analytics-dataconnectors-master/data-connectors/src-migrate/demandbase_deploying.xml","9c116ca8-4dbf-44eb-a832-574527ee88b7","/data/DiscoIQ/projects/Adobe_Self-Service_Collaboration_20180104/content/xml-dita/analytics-dataconnectors-master/data-connectors/src-migrate/migration-test-20190801/demandbase-home/demandbase-deploying/demandbase-deploying.md"
"analytics-dataconnectors-master/data-connectors/src-migrate/demandbase_completing_integration_wizard.xml","75260b92-a6f5-44b6-b3ea-d5945fdd1ecb","/data/DiscoIQ/projects/Adobe_Self-Service_Collaboration_20180104/content/xml-dita/analytics-dataconnectors-master/data-connectors/src-migrate/migration-test-20190801/demandbase-home/demandbase-deploying/demandbase-completing-integration-wizard.md"
"analytics-dataconnectors-master/data-connectors/src-migrate/demandbase_deploying_integration_code.xml","b3fbda0b-4ed3-4967-84ee-6c66564606e7","/data/DiscoIQ/projects/Adobe_Self-Service_Collaboration_20180104/content/xml-dita/analytics-dataconnectors-master/data-connectors/src-migrate/migration-test-20190801/demandbase-home/demandbase-deploying/demandbase-deploying-integration-code.md"
"analytics-dataconnectors-master/data-connectors/src-migrate/demandbase_modifying_integration_code.xml","3f49a29b-ad38-4967-894a-ef7ecf4d268f","/data/DiscoIQ/projects/Adobe_Self-Service_Collaboration_20180104/content/xml-dita/analytics-dataconnectors-master/data-connectors/src-migrate/migration-test-20190801/demandbase-home/demandbase-deploying/demandbase-modifying-integration-code.md"
"analytics-dataconnectors-master/data-connectors/src-migrate/demandbase_including_integrate_module.xml","e574f3db-49fa-4f72-bbcf-fd98540d3198","/data/DiscoIQ/projects/Adobe_Self-Service_Collaboration_20180104/content/xml-dita/analytics-dataconnectors-master/data-connectors/src-migrate/migration-test-20190801/demandbase-home/demandbase-deploying/demandbase-including-integrate-module.md"
"analytics-dataconnectors-master/data-connectors/src-migrate/demandbase_verifying_integration.xml","a9a0746a-4845-41ae-919e-e85d95c305be","/data/DiscoIQ/projects/Adobe_Self-Service_Collaboration_20180104/content/xml-dita/analytics-dataconnectors-master/data-connectors/src-migrate/migration-test-20190801/demandbase-home/demandbase-deploying/demandbase-verifying-integration.md"
"analytics-dataconnectors-master/data-connectors/src-migrate/demandbase_using_integration.xml","5e861274-4d81-4ee0-b84e-ab83bc1c1331","/data/DiscoIQ/projects/Adobe_Self-Service_Collaboration_20180104/content/xml-dita/analytics-dataconnectors-master/data-connectors/src-migrate/migration-test-20190801/demandbase-home/demandbase-using-integration/demandbase-using-integration.md"
"analytics-dataconnectors-master/data-connectors/src-migrate/demandbase_viewing_metrics.xml","cf0b7d7b-7300-4f74-bbde-2507307f0cc1","/data/DiscoIQ/projects/Adobe_Self-Service_Collaboration_20180104/content/xml-dita/analytics-dataconnectors-master/data-connectors/src-migrate/migration-test-20190801/demandbase-home/demandbase-using-integration/demandbase-viewing-metrics.md"
"analytics-dataconnectors-master/data-connectors/src-migrate/demandbase_segmenting_dimensions.xml","73351204-a896-4a02-8cfd-d65562a358d5","/data/DiscoIQ/projects/Adobe_Self-Service_Collaboration_20180104/content/xml-dita/analytics-dataconnectors-master/data-connectors/src-migrate/migration-test-20190801/demandbase-home/demandbase-using-integration/demandbase-segmenting-dimensions.md"
"analytics-dataconnectors-master/data-connectors/src-migrate/demandbase_dimensions.xml","dd8232d0-0a86-4892-9067-791531cde2a9","/data/DiscoIQ/projects/Adobe_Self-Service_Collaboration_20180104/content/xml-dita/analytics-dataconnectors-master/data-connectors/src-migrate/migration-test-20190801/demandbase-home/demandbase-dimensions/demandbase-dimensions.md"
"analytics-dataconnectors-master/data-connectors/src-migrate/demandbase_standard_dimensions.xml","dea1c680-b5e2-4237-bb2f-baf5f17c8019","/data/DiscoIQ/projects/Adobe_Self-Service_Collaboration_20180104/content/xml-dita/analytics-dataconnectors-master/data-connectors/src-migrate/migration-test-20190801/demandbase-home/demandbase-dimensions/demandbase-standard-dimensions.md"
"analytics-dataconnectors-master/data-connectors/src-migrate/demandbase_custom_dimensions.xml","d1621046-3aa2-46b9-a536-4a8fb792b69f","/data/DiscoIQ/projects/Adobe_Self-Service_Collaboration_20180104/content/xml-dita/analytics-dataconnectors-master/data-connectors/src-migrate/migration-test-20190801/demandbase-home/demandbase-dimensions/demandbase-custom-dimensions.md"
"analytics-dataconnectors-master/data-connectors/src-migrate/dfa_data_connector_analytics.xml","8d04909f-6f17-4b7d-a199-99c923253474","/data/DiscoIQ/projects/Adobe_Self-Service_Collaboration_20180104/content/xml-dita/analytics-dataconnectors-master/data-connectors/src-migrate/migration-test-20190801/dfa-data-connector-analytics/dfa-data-connector-analytics.md"
"analytics-dataconnectors-master/data-connectors/src-migrate/dfa_benefits.xml","310a963a-1f6a-4363-9398-0d8cdfa74167","/data/DiscoIQ/projects/Adobe_Self-Service_Collaboration_20180104/content/xml-dita/analytics-dataconnectors-master/data-connectors/src-migrate/migration-test-20190801/dfa-data-connector-analytics/dfa-benefits.md"
"analytics-dataconnectors-master/data-connectors/src-migrate/dfa_ad_serving_integration_overview.xml","e286f61e-4b09-48b5-b1e9-3c07b6face24","/data/DiscoIQ/projects/Adobe_Self-Service_Collaboration_20180104/content/xml-dita/analytics-dataconnectors-master/data-connectors/src-migrate/migration-test-20190801/dfa-data-connector-analytics/dfa-ad-serving-integration-overview.md"
"analytics-dataconnectors-master/data-connectors/src-migrate/dfa_adobe_integration_data_collection.xml","5dce319c-7d4b-4475-8e6d-dc5c972a82e9","/data/DiscoIQ/projects/Adobe_Self-Service_Collaboration_20180104/content/xml-dita/analytics-dataconnectors-master/data-connectors/src-migrate/migration-test-20190801/dfa-data-connector-analytics/dfa-adobe-integration-data-collection.md"
"analytics-dataconnectors-master/data-connectors/src-migrate/dfa_nightly_data_import.xml","cb1a331b-9bf3-4d20-9233-75ff231280a7","/data/DiscoIQ/projects/Adobe_Self-Service_Collaboration_20180104/content/xml-dita/analytics-dataconnectors-master/data-connectors/src-migrate/migration-test-20190801/dfa-data-connector-analytics/dfa-nightly-data-import.md"
"analytics-dataconnectors-master/data-connectors/src-migrate/dfa_version_differences.xml","e0ae70f0-369d-451a-9752-02660d270660","/data/DiscoIQ/projects/Adobe_Self-Service_Collaboration_20180104/content/xml-dita/analytics-dataconnectors-master/data-connectors/src-migrate/migration-test-20190801/dfa-data-connector-analytics/dfa-version-differences.md"
"analytics-dataconnectors-master/data-connectors/src-migrate/dfa_prerequisites.xml","b5f5e30c-e269-41a4-9236-5ddc404bfd94","/data/DiscoIQ/projects/Adobe_Self-Service_Collaboration_20180104/content/xml-dita/analytics-dataconnectors-master/data-connectors/src-migrate/migration-test-20190801/dfa-data-connector-analytics/dfa-prerequisites.md"
"analytics-dataconnectors-master/data-connectors/src-migrate/dfa_integration_features.xml","4ad8e6e8-3449-498a-8596-37c0ac1657cd","/data/DiscoIQ/projects/Adobe_Self-Service_Collaboration_20180104/content/xml-dita/analytics-dataconnectors-master/data-connectors/src-migrate/migration-test-20190801/dfa-data-connector-analytics/dfa-integration-features.md"
"analytics-dataconnectors-master/data-connectors/src-migrate/dfa_analytics_variables_and_events.xml","8996cb58-c793-4600-99ef-af3064642b29","/data/DiscoIQ/projects/Adobe_Self-Service_Collaboration_20180104/content/xml-dita/analytics-dataconnectors-master/data-connectors/src-migrate/migration-test-20190801/dfa-data-connector-analytics/dfa-analytics-variables-and-events.md"
"analytics-dataconnectors-master/data-connectors/src-migrate/dfa_Integration.xml","972a9d62-24fd-4463-a34c-5ec0b926e81e","/data/DiscoIQ/projects/Adobe_Self-Service_Collaboration_20180104/content/xml-dita/analytics-dataconnectors-master/data-connectors/src-migrate/migration-test-20190801/dfa-data-connector-analytics/dfa-integration/dfa-integration.md"
"analytics-dataconnectors-master/data-connectors/src-migrate/t_dfa_configure-integration.xml","4c2ac58a-87c6-46f3-9033-9404beb18c39","/data/DiscoIQ/projects/Adobe_Self-Service_Collaboration_20180104/content/xml-dita/analytics-dataconnectors-master/data-connectors/src-migrate/migration-test-20190801/dfa-data-connector-analytics/dfa-integration/t-dfa-configure-integration.md"
"analytics-dataconnectors-master/data-connectors/src-migrate/dfa_web_site_updates.xml","b7dceecb-5d9e-4433-aa66-17c103054750","/data/DiscoIQ/projects/Adobe_Self-Service_Collaboration_20180104/content/xml-dita/analytics-dataconnectors-master/data-connectors/src-migrate/migration-test-20190801/dfa-data-connector-analytics/dfa-integration/dfa-web-site-updates/dfa-web-site-updates.md"
"analytics-dataconnectors-master/data-connectors/src-migrate/dfa_verify_cookie_space.xml","1145eea6-cb1a-4cfd-8f49-afb3ea3265b0","/data/DiscoIQ/projects/Adobe_Self-Service_Collaboration_20180104/content/xml-dita/analytics-dataconnectors-master/data-connectors/src-migrate/migration-test-20190801/dfa-data-connector-analytics/dfa-integration/dfa-web-site-updates/dfa-verify-cookie-space.md"
"analytics-dataconnectors-master/data-connectors/src-migrate/dfa_update_query-string_parameter.xml","adf585ac-84ff-44c1-a48d-b072726c8494","/data/DiscoIQ/projects/Adobe_Self-Service_Collaboration_20180104/content/xml-dita/analytics-dataconnectors-master/data-connectors/src-migrate/migration-test-20190801/dfa-data-connector-analytics/dfa-integration/dfa-web-site-updates/dfa-update-query-string-parameter.md"
"analytics-dataconnectors-master/data-connectors/src-migrate/dfa_update_data_collection_code.xml","a97d1b62-f883-48b1-9516-4f889e701901","/data/DiscoIQ/projects/Adobe_Self-Service_Collaboration_20180104/content/xml-dita/analytics-dataconnectors-master/data-connectors/src-migrate/migration-test-20190801/dfa-data-connector-analytics/dfa-integration/dfa-web-site-updates/dfa-update-data-collection-code.md"
"analytics-dataconnectors-master/data-connectors/src-migrate/dfa_confirm_integration.xml","d658cd7c-6377-439a-850c-ecea8c41f970","/data/DiscoIQ/projects/Adobe_Self-Service_Collaboration_20180104/content/xml-dita/analytics-dataconnectors-master/data-connectors/src-migrate/migration-test-20190801/dfa-data-connector-analytics/dfa-integration/dfa-confirm-integration.md"
"analytics-dataconnectors-master/data-connectors/src-migrate/dfa_tuning_s_maxlelay.xml","7640af26-6ac6-427e-9cfc-932c86ccf5ab","/data/DiscoIQ/projects/Adobe_Self-Service_Collaboration_20180104/content/xml-dita/analytics-dataconnectors-master/data-connectors/src-migrate/migration-test-20190801/dfa-data-connector-analytics/dfa-integration/dfa-tuning-s-maxlelay.md"
"analytics-dataconnectors-master/data-connectors/src-migrate/dfa_analytics_reports.xml","a4fe4a6c-f4a4-431d-bce9-9eedbcafedd6","/data/DiscoIQ/projects/Adobe_Self-Service_Collaboration_20180104/content/xml-dita/analytics-dataconnectors-master/data-connectors/src-migrate/migration-test-20190801/dfa-data-connector-analytics/dfa-analytics-reports.md"
"analytics-dataconnectors-master/data-connectors/src-migrate/dfa_reconciling_metric_discrepancies.xml","aa3ca006-d3cf-410e-a000-781ab17fb9e3","/data/DiscoIQ/projects/Adobe_Self-Service_Collaboration_20180104/content/xml-dita/analytics-dataconnectors-master/data-connectors/src-migrate/migration-test-20190801/dfa-data-connector-analytics/dfa-reconciling-metric-discrepancies/dfa-reconciling-metric-discrepancies.md"
"analytics-dataconnectors-master/data-connectors/src-migrate/dfa_metric_definitions.xml","062f6863-3daa-4e8a-b6ea-84279d49c388","/data/DiscoIQ/projects/Adobe_Self-Service_Collaboration_20180104/content/xml-dita/analytics-dataconnectors-master/data-connectors/src-migrate/migration-test-20190801/dfa-data-connector-analytics/dfa-reconciling-metric-discrepancies/dfa-metric-definitions.md"
"analytics-dataconnectors-master/data-connectors/src-migrate/dfa_possible_reasons.xml","fd414cc6-d568-491e-9b1c-5d493dcfbe45","/data/DiscoIQ/projects/Adobe_Self-Service_Collaboration_20180104/content/xml-dita/analytics-dataconnectors-master/data-connectors/src-migrate/migration-test-20190801/dfa-data-connector-analytics/dfa-reconciling-metric-discrepancies/dfa-possible-reasons.md"
"analytics-dataconnectors-master/data-connectors/src-migrate/dfa_faq.xml","59d187e9-1ec1-4cf3-8831-b981f87c9372","/data/DiscoIQ/projects/Adobe_Self-Service_Collaboration_20180104/content/xml-dita/analytics-dataconnectors-master/data-connectors/src-migrate/migration-test-20190801/dfa-data-connector-analytics/dfa-faq.md"
"analytics-dataconnectors-master/data-connectors/src-migrate/dreammail-overview.xml","f6c01bf8-4e6a-4163-9d41-f24fb5f06bdc","/data/DiscoIQ/projects/Adobe_Self-Service_Collaboration_20180104/content/xml-dita/analytics-dataconnectors-master/data-connectors/src-migrate/migration-test-20190801/dreammail-overview/dreammail-overview.md"
"analytics-dataconnectors-master/data-connectors/src-migrate/dreammail-benefits.xml","23e03bbc-52d0-4d61-9fc6-6b04e80f65ba","/data/DiscoIQ/projects/Adobe_Self-Service_Collaboration_20180104/content/xml-dita/analytics-dataconnectors-master/data-connectors/src-migrate/migration-test-20190801/dreammail-overview/dreammail-benefits.md"
"analytics-dataconnectors-master/data-connectors/src-migrate/dreammail-marketing_segments.xml","d75ac796-efeb-4bab-a54a-647a929efcbd","/data/DiscoIQ/projects/Adobe_Self-Service_Collaboration_20180104/content/xml-dita/analytics-dataconnectors-master/data-connectors/src-migrate/migration-test-20190801/dreammail-overview/dreammail-marketing-segments.md"
"analytics-dataconnectors-master/data-connectors/src-migrate/dreammail-requirements.xml","0d65586b-9d65-4b4c-b3fe-3566c430c66a","/data/DiscoIQ/projects/Adobe_Self-Service_Collaboration_20180104/content/xml-dita/analytics-dataconnectors-master/data-connectors/src-migrate/migration-test-20190801/dreammail-overview/dreammail-requirements/dreammail-requirements.md"
"analytics-dataconnectors-master/data-connectors/src-migrate/dreammail-pricing.xml","2eb237ee-037c-4a3b-b78c-6084bdff4f52","/data/DiscoIQ/projects/Adobe_Self-Service_Collaboration_20180104/content/xml-dita/analytics-dataconnectors-master/data-connectors/src-migrate/migration-test-20190801/dreammail-overview/dreammail-requirements/dreammail-pricing.md"
"analytics-dataconnectors-master/data-connectors/src-migrate/dreammail-variables.xml","5607302c-30f2-408f-b044-e22385a32009","/data/DiscoIQ/projects/Adobe_Self-Service_Collaboration_20180104/content/xml-dita/analytics-dataconnectors-master/data-connectors/src-migrate/migration-test-20190801/dreammail-overview/dreammail-requirements/dreammail-variables.md"
"analytics-dataconnectors-master/data-connectors/src-migrate/t_dreammail-activate.xml","9084b691-291d-49f7-9fa4-abda507e060d","/data/DiscoIQ/projects/Adobe_Self-Service_Collaboration_20180104/content/xml-dita/analytics-dataconnectors-master/data-connectors/src-migrate/migration-test-20190801/dreammail-overview/t-dreammail-activate.md"
"analytics-dataconnectors-master/data-connectors/src-migrate/dreammail-analytics-code.xml","c75a6cd2-ee7a-4c2f-98a8-4618d0617b4f","/data/DiscoIQ/projects/Adobe_Self-Service_Collaboration_20180104/content/xml-dita/analytics-dataconnectors-master/data-connectors/src-migrate/migration-test-20190801/dreammail-overview/dreammail-analytics-code.md"
"analytics-dataconnectors-master/data-connectors/src-migrate/dynamic-signal-for-analytics.xml","270b33f5-ea9f-4ab3-ba3e-de41a9e6ff7a","/data/DiscoIQ/projects/Adobe_Self-Service_Collaboration_20180104/content/xml-dita/analytics-dataconnectors-master/data-connectors/src-migrate/migration-test-20190801/dynamic-signal-for-analytics/dynamic-signal-for-analytics.md"
"analytics-dataconnectors-master/data-connectors/src-migrate/dynamic-signal-benefits.xml","34854093-ed79-4402-a5a4-915f49fcf82b","/data/DiscoIQ/projects/Adobe_Self-Service_Collaboration_20180104/content/xml-dita/analytics-dataconnectors-master/data-connectors/src-migrate/migration-test-20190801/dynamic-signal-for-analytics/dynamic-signal-benefits.md"
"analytics-dataconnectors-master/data-connectors/src-migrate/dynamic-signal-integration-prerequisites.xml","3092cbb2-6f69-479a-a7b4-3c7108ffcd03","/data/DiscoIQ/projects/Adobe_Self-Service_Collaboration_20180104/content/xml-dita/analytics-dataconnectors-master/data-connectors/src-migrate/migration-test-20190801/dynamic-signal-for-analytics/dynamic-signal-integration-prerequisites.md"
"analytics-dataconnectors-master/data-connectors/src-migrate/dynamic-signal-deploy-integration.xml","1a0770a7-c61b-4eec-a9b3-983def842ad8","/data/DiscoIQ/projects/Adobe_Self-Service_Collaboration_20180104/content/xml-dita/analytics-dataconnectors-master/data-connectors/src-migrate/migration-test-20190801/dynamic-signal-for-analytics/dynamic-signal-deploy-integration/dynamic-signal-deploy-integration.md"
"analytics-dataconnectors-master/data-connectors/src-migrate/t_dynamic-signal-wizard.xml","e7908da4-9d67-49c9-b532-33a8824e9f92","/data/DiscoIQ/projects/Adobe_Self-Service_Collaboration_20180104/content/xml-dita/analytics-dataconnectors-master/data-connectors/src-migrate/migration-test-20190801/dynamic-signal-for-analytics/dynamic-signal-deploy-integration/t-dynamic-signal-wizard.md"
"analytics-dataconnectors-master/data-connectors/src-migrate/t_dynamic-signal-verify-integration.xml","94f40415-2408-4592-af66-cb18921e2208","/data/DiscoIQ/projects/Adobe_Self-Service_Collaboration_20180104/content/xml-dita/analytics-dataconnectors-master/data-connectors/src-migrate/migration-test-20190801/dynamic-signal-for-analytics/dynamic-signal-deploy-integration/t-dynamic-signal-verify-integration.md"
"analytics-dataconnectors-master/data-connectors/src-migrate/dynamic-signal-use-integration.xml","c902a868-20a7-42df-8a79-8e154608f299","/data/DiscoIQ/projects/Adobe_Self-Service_Collaboration_20180104/content/xml-dita/analytics-dataconnectors-master/data-connectors/src-migrate/migration-test-20190801/dynamic-signal-for-analytics/dynamic-signal-use-integration/dynamic-signal-use-integration.md"
"analytics-dataconnectors-master/data-connectors/src-migrate/dynamic-signal-metrics.xml","2f60b9aa-aeb5-45af-8860-d28591838070","/data/DiscoIQ/projects/Adobe_Self-Service_Collaboration_20180104/content/xml-dita/analytics-dataconnectors-master/data-connectors/src-migrate/migration-test-20190801/dynamic-signal-for-analytics/dynamic-signal-use-integration/dynamic-signal-metrics.md"
"analytics-dataconnectors-master/data-connectors/src-migrate/dynamic-signal-segmenting-dimensions.xml","9f10cb0a-9918-4ccd-a288-a71d4854b14d","/data/DiscoIQ/projects/Adobe_Self-Service_Collaboration_20180104/content/xml-dita/analytics-dataconnectors-master/data-connectors/src-migrate/migration-test-20190801/dynamic-signal-for-analytics/dynamic-signal-use-integration/dynamic-signal-segmenting-dimensions.md"
"analytics-dataconnectors-master/data-connectors/src-migrate/dynamic-signal-reporting-dimensions.xml","8745c46d-dcec-4469-bd40-37e94b1f1d39","/data/DiscoIQ/projects/Adobe_Self-Service_Collaboration_20180104/content/xml-dita/analytics-dataconnectors-master/data-connectors/src-migrate/migration-test-20190801/dynamic-signal-for-analytics/dynamic-signal-use-integration/dynamic-signal-reporting-dimensions.md"
"analytics-dataconnectors-master/data-connectors/src-migrate/emarsys-overview.xml","6f2fbabc-dc6c-4975-887d-ec22eba42f9e","/data/DiscoIQ/projects/Adobe_Self-Service_Collaboration_20180104/content/xml-dita/analytics-dataconnectors-master/data-connectors/src-migrate/migration-test-20190801/emarsys-overview/emarsys-overview.md"
"analytics-dataconnectors-master/data-connectors/src-migrate/emarsys-benefits.xml","f5842389-af54-4430-bae3-e9cddb4a8db4","/data/DiscoIQ/projects/Adobe_Self-Service_Collaboration_20180104/content/xml-dita/analytics-dataconnectors-master/data-connectors/src-migrate/migration-test-20190801/emarsys-overview/emarsys-benefits.md"
"analytics-dataconnectors-master/data-connectors/src-migrate/emarsys-dynamic-marketing-segments.xml","0486406c-4ab5-4765-bf03-379349b05211","/data/DiscoIQ/projects/Adobe_Self-Service_Collaboration_20180104/content/xml-dita/analytics-dataconnectors-master/data-connectors/src-migrate/migration-test-20190801/emarsys-overview/emarsys-dynamic-marketing-segments.md"
"analytics-dataconnectors-master/data-connectors/src-migrate/emarsys-procedure-prereqs.xml","d0cd9f08-b66e-470a-a5d2-08cbddc18275","/data/DiscoIQ/projects/Adobe_Self-Service_Collaboration_20180104/content/xml-dita/analytics-dataconnectors-master/data-connectors/src-migrate/migration-test-20190801/emarsys-overview/emarsys-procedure-prereqs.md"
"analytics-dataconnectors-master/data-connectors/src-migrate/emarsys-pricing.xml","e633b005-012b-4679-97b8-97929a84df06","/data/DiscoIQ/projects/Adobe_Self-Service_Collaboration_20180104/content/xml-dita/analytics-dataconnectors-master/data-connectors/src-migrate/migration-test-20190801/emarsys-overview/emarsys-pricing.md"
"analytics-dataconnectors-master/data-connectors/src-migrate/emarsys-before-activating.xml","d79948eb-8b08-43d6-b77b-5679121eeea3","/data/DiscoIQ/projects/Adobe_Self-Service_Collaboration_20180104/content/xml-dita/analytics-dataconnectors-master/data-connectors/src-migrate/migration-test-20190801/emarsys-overview/emarsys-before-activating/emarsys-before-activating.md"
"analytics-dataconnectors-master/data-connectors/src-migrate/emarsys-analytics.xml","710af660-0178-4e4e-9452-d1e17cceef47","/data/DiscoIQ/projects/Adobe_Self-Service_Collaboration_20180104/content/xml-dita/analytics-dataconnectors-master/data-connectors/src-migrate/migration-test-20190801/emarsys-overview/emarsys-before-activating/emarsys-analytics.md"
"analytics-dataconnectors-master/data-connectors/src-migrate/emarsys-integration.xml","ec3c39a7-7c32-4eb4-bec1-b0f90356be22","/data/DiscoIQ/projects/Adobe_Self-Service_Collaboration_20180104/content/xml-dita/analytics-dataconnectors-master/data-connectors/src-migrate/migration-test-20190801/emarsys-overview/emarsys-before-activating/emarsys-integration.md"
"analytics-dataconnectors-master/data-connectors/src-migrate/emarsys-configure-integration.xml","01e1f269-54c9-4175-aff8-16c39ac4ee9d","/data/DiscoIQ/projects/Adobe_Self-Service_Collaboration_20180104/content/xml-dita/analytics-dataconnectors-master/data-connectors/src-migrate/migration-test-20190801/emarsys-overview/emarsys-configure-integration.md"
"analytics-dataconnectors-master/data-connectors/src-migrate/emarsys-variables.xml","4d5e087c-f495-4aab-9ad1-9b901d34a254","/data/DiscoIQ/projects/Adobe_Self-Service_Collaboration_20180104/content/xml-dita/analytics-dataconnectors-master/data-connectors/src-migrate/migration-test-20190801/emarsys-overview/emarsys-variables.md"
"analytics-dataconnectors-master/data-connectors/src-migrate/emarsys-wizard.xml","25480e0d-e3ca-458c-8f18-65789c273a33","/data/DiscoIQ/projects/Adobe_Self-Service_Collaboration_20180104/content/xml-dita/analytics-dataconnectors-master/data-connectors/src-migrate/migration-test-20190801/emarsys-overview/emarsys-wizard.md"
"analytics-dataconnectors-master/data-connectors/src-migrate/kampyle-home.xml","f7733c81-93f5-4c50-b83a-721a6fbd4e8e","/data/DiscoIQ/projects/Adobe_Self-Service_Collaboration_20180104/content/xml-dita/analytics-dataconnectors-master/data-connectors/src-migrate/migration-test-20190801/kampyle-home/kampyle-home.md"
"analytics-dataconnectors-master/data-connectors/src-migrate/kampyle-benefits.xml","3e865f89-a786-44d1-877d-36cb58cb3f74","/data/DiscoIQ/projects/Adobe_Self-Service_Collaboration_20180104/content/xml-dita/analytics-dataconnectors-master/data-connectors/src-migrate/migration-test-20190801/kampyle-home/kampyle-benefits.md"
"analytics-dataconnectors-master/data-connectors/src-migrate/kampyle-prereqs.xml","7c7ac22b-9f54-497d-af60-3b0b1cc7dc2c","/data/DiscoIQ/projects/Adobe_Self-Service_Collaboration_20180104/content/xml-dita/analytics-dataconnectors-master/data-connectors/src-migrate/migration-test-20190801/kampyle-home/kampyle-prereqs.md"
"analytics-dataconnectors-master/data-connectors/src-migrate/kampyle-private-key.xml","4a74a9aa-e408-4fe2-a23e-264051160804","/data/DiscoIQ/projects/Adobe_Self-Service_Collaboration_20180104/content/xml-dita/analytics-dataconnectors-master/data-connectors/src-migrate/migration-test-20190801/kampyle-home/kampyle-private-key.md"
"analytics-dataconnectors-master/data-connectors/src-migrate/kampyle-deploy.xml","ebb385ca-7bfb-4cd3-9ff6-a5f5a52db5c9","/data/DiscoIQ/projects/Adobe_Self-Service_Collaboration_20180104/content/xml-dita/analytics-dataconnectors-master/data-connectors/src-migrate/migration-test-20190801/kampyle-home/kampyle-deploy/kampyle-deploy.md"
"analytics-dataconnectors-master/data-connectors/src-migrate/kampyle-wizard.xml","f30eff33-630b-4f89-943c-c76aaf1de995","/data/DiscoIQ/projects/Adobe_Self-Service_Collaboration_20180104/content/xml-dita/analytics-dataconnectors-master/data-connectors/src-migrate/migration-test-20190801/kampyle-home/kampyle-deploy/kampyle-wizard.md"
"analytics-dataconnectors-master/data-connectors/src-migrate/kampyle-configuration-object.xml","e951c864-2914-4324-9f03-5069d4f75d99","/data/DiscoIQ/projects/Adobe_Self-Service_Collaboration_20180104/content/xml-dita/analytics-dataconnectors-master/data-connectors/src-migrate/migration-test-20190801/kampyle-home/kampyle-deploy/kampyle-configuration-object.md"
"analytics-dataconnectors-master/data-connectors/src-migrate/kampyle-verify-integration.xml","d56f4d99-a74a-4d32-b9ff-01678708e4e7","/data/DiscoIQ/projects/Adobe_Self-Service_Collaboration_20180104/content/xml-dita/analytics-dataconnectors-master/data-connectors/src-migrate/migration-test-20190801/kampyle-home/kampyle-deploy/kampyle-verify-integration.md"
"analytics-dataconnectors-master/data-connectors/src-migrate/kampyle-integration.xml","b39c1334-ac0f-431b-a34f-27ff9b068e33","/data/DiscoIQ/projects/Adobe_Self-Service_Collaboration_20180104/content/xml-dita/analytics-dataconnectors-master/data-connectors/src-migrate/migration-test-20190801/kampyle-home/kampyle-integration/kampyle-integration.md"
"analytics-dataconnectors-master/data-connectors/src-migrate/kampyle-feedback.xml","41dfc92c-e74e-4f1d-87eb-8eb9cf86f8ff","/data/DiscoIQ/projects/Adobe_Self-Service_Collaboration_20180104/content/xml-dita/analytics-dataconnectors-master/data-connectors/src-migrate/migration-test-20190801/kampyle-home/kampyle-integration/kampyle-feedback.md"
"analytics-dataconnectors-master/data-connectors/src-migrate/kampyle-segment-dimension.xml","648b6072-1186-4c89-8f65-638d2dac5d3a","/data/DiscoIQ/projects/Adobe_Self-Service_Collaboration_20180104/content/xml-dita/analytics-dataconnectors-master/data-connectors/src-migrate/migration-test-20190801/kampyle-home/kampyle-integration/kampyle-segment-dimension.md"
"analytics-dataconnectors-master/data-connectors/src-migrate/lyris-overview.xml","db213865-1296-4a93-a0a2-781c026b2be5","/data/DiscoIQ/projects/Adobe_Self-Service_Collaboration_20180104/content/xml-dita/analytics-dataconnectors-master/data-connectors/src-migrate/migration-test-20190801/lyris-overview/lyris-overview.md"
"analytics-dataconnectors-master/data-connectors/src-migrate/lyris-benefits.xml","0def5067-902c-4f48-97fb-2f727741d34a","/data/DiscoIQ/projects/Adobe_Self-Service_Collaboration_20180104/content/xml-dita/analytics-dataconnectors-master/data-connectors/src-migrate/migration-test-20190801/lyris-overview/lyris-benefits.md"
"analytics-dataconnectors-master/data-connectors/src-migrate/lyris-prereqs.xml","ac93bf4d-a071-4fac-9d42-c4856463cbb6","/data/DiscoIQ/projects/Adobe_Self-Service_Collaboration_20180104/content/xml-dita/analytics-dataconnectors-master/data-connectors/src-migrate/migration-test-20190801/lyris-overview/lyris-prereqs.md"
"analytics-dataconnectors-master/data-connectors/src-migrate/lyris-analytics-variables.xml","12e150c4-052a-481c-8c27-ef45ee801977","/data/DiscoIQ/projects/Adobe_Self-Service_Collaboration_20180104/content/xml-dita/analytics-dataconnectors-master/data-connectors/src-migrate/migration-test-20190801/lyris-overview/lyris-analytics-variables.md"
"analytics-dataconnectors-master/data-connectors/src-migrate/lyris-deploy-integration.xml","a3c0ef21-ed9a-44d7-bdce-19b3bd5b8b80","/data/DiscoIQ/projects/Adobe_Self-Service_Collaboration_20180104/content/xml-dita/analytics-dataconnectors-master/data-connectors/src-migrate/migration-test-20190801/lyris-overview/lyris-deploy-integration/lyris-deploy-integration.md"
"analytics-dataconnectors-master/data-connectors/src-migrate/lyris-wizard.xml","7d82b7fa-0d14-4b30-b96d-7e2e7d8a5eb0","/data/DiscoIQ/projects/Adobe_Self-Service_Collaboration_20180104/content/xml-dita/analytics-dataconnectors-master/data-connectors/src-migrate/migration-test-20190801/lyris-overview/lyris-deploy-integration/lyris-wizard.md"
"analytics-dataconnectors-master/data-connectors/src-migrate/lyris-configuration.xml","1276176d-e5e9-451a-9a7b-9f29a340a25b","/data/DiscoIQ/projects/Adobe_Self-Service_Collaboration_20180104/content/xml-dita/analytics-dataconnectors-master/data-connectors/src-migrate/migration-test-20190801/lyris-overview/lyris-deploy-integration/lyris-configuration.md"
"analytics-dataconnectors-master/data-connectors/src-migrate/lyris-verify-integration.xml","ae233342-167c-4eb9-8b1b-8999e4ac3863","/data/DiscoIQ/projects/Adobe_Self-Service_Collaboration_20180104/content/xml-dita/analytics-dataconnectors-master/data-connectors/src-migrate/migration-test-20190801/lyris-overview/lyris-deploy-integration/lyris-verify-integration.md"
"analytics-dataconnectors-master/data-connectors/src-migrate/lyris-plugin-code.xml","4543dcfd-ff53-49d5-a413-723848470053","/data/DiscoIQ/projects/Adobe_Self-Service_Collaboration_20180104/content/xml-dita/analytics-dataconnectors-master/data-connectors/src-migrate/migration-test-20190801/lyris-overview/lyris-deploy-integration/lyris-plugin-code.md"
"analytics-dataconnectors-master/data-connectors/src-migrate/neolane-overview.xml","a0415fc2-9bf3-445d-92a3-705895ff740c","/data/DiscoIQ/projects/Adobe_Self-Service_Collaboration_20180104/content/xml-dita/analytics-dataconnectors-master/data-connectors/src-migrate/migration-test-20190801/neolane-overview/neolane-overview.md"
"analytics-dataconnectors-master/data-connectors/src-migrate/neolane-benefits.xml","4a54b5d7-61c9-4f26-8464-dbde5eb9f73b","/data/DiscoIQ/projects/Adobe_Self-Service_Collaboration_20180104/content/xml-dita/analytics-dataconnectors-master/data-connectors/src-migrate/migration-test-20190801/neolane-overview/neolane-benefits.md"
"analytics-dataconnectors-master/data-connectors/src-migrate/neolane-marketing-segments.xml","35583954-6d8c-45f8-96e6-16534575377d","/data/DiscoIQ/projects/Adobe_Self-Service_Collaboration_20180104/content/xml-dita/analytics-dataconnectors-master/data-connectors/src-migrate/migration-test-20190801/neolane-overview/neolane-marketing-segments.md"
"analytics-dataconnectors-master/data-connectors/src-migrate/neolane-requirements.xml","42eaed67-bccf-4ce3-92c4-932ea1a5b78d","/data/DiscoIQ/projects/Adobe_Self-Service_Collaboration_20180104/content/xml-dita/analytics-dataconnectors-master/data-connectors/src-migrate/migration-test-20190801/neolane-overview/neolane-requirements/neolane-requirements.md"
"analytics-dataconnectors-master/data-connectors/src-migrate/neolane-pricing.xml","135e0a10-79dc-4e2c-a76d-3c81ecb934c2","/data/DiscoIQ/projects/Adobe_Self-Service_Collaboration_20180104/content/xml-dita/analytics-dataconnectors-master/data-connectors/src-migrate/migration-test-20190801/neolane-overview/neolane-requirements/neolane-pricing.md"
"analytics-dataconnectors-master/data-connectors/src-migrate/neolane-variables.xml","bc48078a-9f2b-4edf-b26f-01f2d5785ac4","/data/DiscoIQ/projects/Adobe_Self-Service_Collaboration_20180104/content/xml-dita/analytics-dataconnectors-master/data-connectors/src-migrate/migration-test-20190801/neolane-overview/neolane-requirements/neolane-variables.md"
"analytics-dataconnectors-master/data-connectors/src-migrate/neolane-activate.xml","93c59f8e-3cf5-44c1-9a04-22460af93d5d","/data/DiscoIQ/projects/Adobe_Self-Service_Collaboration_20180104/content/xml-dita/analytics-dataconnectors-master/data-connectors/src-migrate/migration-test-20190801/neolane-overview/neolane-activate.md"
"analytics-dataconnectors-master/data-connectors/src-migrate/neolane-plugin-code.xml","b10345ba-1e80-4e5c-af87-6e6a9dc87c00","/data/DiscoIQ/projects/Adobe_Self-Service_Collaboration_20180104/content/xml-dita/analytics-dataconnectors-master/data-connectors/src-migrate/migration-test-20190801/neolane-overview/neolane-plugin-code.md"
"analytics-dataconnectors-master/data-connectors/src-migrate/optivo-overview.xml","bd713080-9d1a-49ee-aad0-86dd5c37c34a","/data/DiscoIQ/projects/Adobe_Self-Service_Collaboration_20180104/content/xml-dita/analytics-dataconnectors-master/data-connectors/src-migrate/migration-test-20190801/optivo-overview/optivo-overview.md"
"analytics-dataconnectors-master/data-connectors/src-migrate/optivo-benefits.xml","819d0dd1-b257-49ab-872c-7856b93aa2d9","/data/DiscoIQ/projects/Adobe_Self-Service_Collaboration_20180104/content/xml-dita/analytics-dataconnectors-master/data-connectors/src-migrate/migration-test-20190801/optivo-overview/optivo-benefits.md"
"analytics-dataconnectors-master/data-connectors/src-migrate/optivo-marketing-segments.xml","bd4a8bbd-518b-434d-b693-b79c137a2095","/data/DiscoIQ/projects/Adobe_Self-Service_Collaboration_20180104/content/xml-dita/analytics-dataconnectors-master/data-connectors/src-migrate/migration-test-20190801/optivo-overview/optivo-marketing-segments.md"
"analytics-dataconnectors-master/data-connectors/src-migrate/optivo-requirements.xml","45275635-a80d-46c2-b9ad-985df5737bf2","/data/DiscoIQ/projects/Adobe_Self-Service_Collaboration_20180104/content/xml-dita/analytics-dataconnectors-master/data-connectors/src-migrate/migration-test-20190801/optivo-overview/optivo-requirements/optivo-requirements.md"
"analytics-dataconnectors-master/data-connectors/src-migrate/optivo-pricing.xml","cf4e279b-7124-48cb-9242-86b5b2029dab","/data/DiscoIQ/projects/Adobe_Self-Service_Collaboration_20180104/content/xml-dita/analytics-dataconnectors-master/data-connectors/src-migrate/migration-test-20190801/optivo-overview/optivo-requirements/optivo-pricing.md"
"analytics-dataconnectors-master/data-connectors/src-migrate/optivo-variables.xml","56ccc24c-4eab-40d4-a00b-a379cffd958e","/data/DiscoIQ/projects/Adobe_Self-Service_Collaboration_20180104/content/xml-dita/analytics-dataconnectors-master/data-connectors/src-migrate/migration-test-20190801/optivo-overview/optivo-requirements/optivo-variables.md"
"analytics-dataconnectors-master/data-connectors/src-migrate/optivo-activate.xml","3b2acdb8-9a1f-4f17-92f2-6a3780a8f626","/data/DiscoIQ/projects/Adobe_Self-Service_Collaboration_20180104/content/xml-dita/analytics-dataconnectors-master/data-connectors/src-migrate/migration-test-20190801/optivo-overview/optivo-activate.md"
"analytics-dataconnectors-master/data-connectors/src-migrate/optivo-plugin-code.xml","e99999be-1800-4d63-a4cb-df68a1b53d0d","/data/DiscoIQ/projects/Adobe_Self-Service_Collaboration_20180104/content/xml-dita/analytics-dataconnectors-master/data-connectors/src-migrate/migration-test-20190801/optivo-overview/optivo-plugin-code.md"
"analytics-dataconnectors-master/data-connectors/src-migrate/qualtrics-overview.xml","f1fa90b6-1b80-4da4-a39b-efb8bac1692a","/data/DiscoIQ/projects/Adobe_Self-Service_Collaboration_20180104/content/xml-dita/analytics-dataconnectors-master/data-connectors/src-migrate/migration-test-20190801/qualtrics-overview/qualtrics-overview.md"
"analytics-dataconnectors-master/data-connectors/src-migrate/qualtrics-benefits.xml","68b9e2ed-7af5-4dff-8797-371a5879c4e9","/data/DiscoIQ/projects/Adobe_Self-Service_Collaboration_20180104/content/xml-dita/analytics-dataconnectors-master/data-connectors/src-migrate/migration-test-20190801/qualtrics-overview/qualtrics-benefits.md"
"analytics-dataconnectors-master/data-connectors/src-migrate/qualtrics-prereqs.xml","85621d6b-ce83-4557-9f3d-9833eda2b1ee","/data/DiscoIQ/projects/Adobe_Self-Service_Collaboration_20180104/content/xml-dita/analytics-dataconnectors-master/data-connectors/src-migrate/migration-test-20190801/qualtrics-overview/qualtrics-prereqs.md"
"analytics-dataconnectors-master/data-connectors/src-migrate/qualtrics-deploying.xml","9bdc233d-63f6-456d-8c26-b5736dfdef09","/data/DiscoIQ/projects/Adobe_Self-Service_Collaboration_20180104/content/xml-dita/analytics-dataconnectors-master/data-connectors/src-migrate/migration-test-20190801/qualtrics-overview/qualtrics-deploying/qualtrics-deploying.md"
"analytics-dataconnectors-master/data-connectors/src-migrate/qualtrics-wizard.xml","e065fba4-1fe1-4e25-9c45-6c52dc20f81e","/data/DiscoIQ/projects/Adobe_Self-Service_Collaboration_20180104/content/xml-dita/analytics-dataconnectors-master/data-connectors/src-migrate/migration-test-20190801/qualtrics-overview/qualtrics-deploying/qualtrics-wizard.md"
"analytics-dataconnectors-master/data-connectors/src-migrate/qualtrics-config.xml","2cc6fa4a-d17e-4560-bd5b-1790851d6274","/data/DiscoIQ/projects/Adobe_Self-Service_Collaboration_20180104/content/xml-dita/analytics-dataconnectors-master/data-connectors/src-migrate/migration-test-20190801/qualtrics-overview/qualtrics-deploying/qualtrics-config.md"
"analytics-dataconnectors-master/data-connectors/src-migrate/qualtrics-verifying.xml","294b7b0f-e4b3-4393-b71f-dd62c56e3c7a","/data/DiscoIQ/projects/Adobe_Self-Service_Collaboration_20180104/content/xml-dita/analytics-dataconnectors-master/data-connectors/src-migrate/migration-test-20190801/qualtrics-overview/qualtrics-deploying/qualtrics-verifying.md"
"analytics-dataconnectors-master/data-connectors/src-migrate/qualtrics-integration.xml","a1d5045b-4c38-4984-8c71-27e86ebe8b23","/data/DiscoIQ/projects/Adobe_Self-Service_Collaboration_20180104/content/xml-dita/analytics-dataconnectors-master/data-connectors/src-migrate/migration-test-20190801/qualtrics-overview/qualtrics-integration.md"
"analytics-dataconnectors-master/data-connectors/src-migrate/qualtrics-org-id.xml","ed27becd-7364-423b-8a49-35bf7217f4b3","/data/DiscoIQ/projects/Adobe_Self-Service_Collaboration_20180104/content/xml-dita/analytics-dataconnectors-master/data-connectors/src-migrate/migration-test-20190801/qualtrics-overview/qualtrics-org-id.md"
"analytics-dataconnectors-master/data-connectors/src-migrate/qualtrics-token.xml","6038279e-c399-4e10-9afc-9c4305dc36d5","/data/DiscoIQ/projects/Adobe_Self-Service_Collaboration_20180104/content/xml-dita/analytics-dataconnectors-master/data-connectors/src-migrate/migration-test-20190801/qualtrics-overview/qualtrics-token.md"
"analytics-dataconnectors-master/data-connectors/src-migrate/responsys-home.xml","1181ae49-59c4-4c6a-a5cf-f7a0ec956850","/data/DiscoIQ/projects/Adobe_Self-Service_Collaboration_20180104/content/xml-dita/analytics-dataconnectors-master/data-connectors/src-migrate/migration-test-20190801/responsys-home/responsys-home.md"
"analytics-dataconnectors-master/data-connectors/src-migrate/responsys-overview.xml","a0ab4317-04fa-4103-9665-6d77f7f085cf","/data/DiscoIQ/projects/Adobe_Self-Service_Collaboration_20180104/content/xml-dita/analytics-dataconnectors-master/data-connectors/src-migrate/migration-test-20190801/responsys-home/responsys-overview.md"
"analytics-dataconnectors-master/data-connectors/src-migrate/responsys-benefits.xml","92271161-edd6-4184-b999-b28b5d51d6ad","/data/DiscoIQ/projects/Adobe_Self-Service_Collaboration_20180104/content/xml-dita/analytics-dataconnectors-master/data-connectors/src-migrate/migration-test-20190801/responsys-home/responsys-benefits.md"
"analytics-dataconnectors-master/data-connectors/src-migrate/responsys-prereqs.xml","4e50c9cf-efc8-48c0-9e03-583b843903bb","/data/DiscoIQ/projects/Adobe_Self-Service_Collaboration_20180104/content/xml-dita/analytics-dataconnectors-master/data-connectors/src-migrate/migration-test-20190801/responsys-home/responsys-prereqs.md"
"analytics-dataconnectors-master/data-connectors/src-migrate/responsys-deploy.xml","5abf6d49-b05b-4e0f-8d9b-bb02d8f1c84a","/data/DiscoIQ/projects/Adobe_Self-Service_Collaboration_20180104/content/xml-dita/analytics-dataconnectors-master/data-connectors/src-migrate/migration-test-20190801/responsys-home/responsys-deploy/responsys-deploy.md"
"analytics-dataconnectors-master/data-connectors/src-migrate/responsys-wizard.xml","fb106251-78cf-4a2a-8ba2-2a39188ba910","/data/DiscoIQ/projects/Adobe_Self-Service_Collaboration_20180104/content/xml-dita/analytics-dataconnectors-master/data-connectors/src-migrate/migration-test-20190801/responsys-home/responsys-deploy/responsys-wizard.md"
"analytics-dataconnectors-master/data-connectors/src-migrate/responsys-configure.xml","40f24ef0-98d2-4c0d-8a61-87f9d5495583","/data/DiscoIQ/projects/Adobe_Self-Service_Collaboration_20180104/content/xml-dita/analytics-dataconnectors-master/data-connectors/src-migrate/migration-test-20190801/responsys-home/responsys-deploy/responsys-configure.md"
"analytics-dataconnectors-master/data-connectors/src-migrate/responsys-verify.xml","5f0f9f69-e932-4472-8578-dd3af1315c0c","/data/DiscoIQ/projects/Adobe_Self-Service_Collaboration_20180104/content/xml-dita/analytics-dataconnectors-master/data-connectors/src-migrate/migration-test-20190801/responsys-home/responsys-verify.md"
"analytics-dataconnectors-master/data-connectors/src-migrate/selligent-overview.xml","e16c3ca6-b131-44b1-a36c-e39697677a96","/data/DiscoIQ/projects/Adobe_Self-Service_Collaboration_20180104/content/xml-dita/analytics-dataconnectors-master/data-connectors/src-migrate/migration-test-20190801/selligent-overview/selligent-overview.md"
"analytics-dataconnectors-master/data-connectors/src-migrate/selligent-benefits.xml","b8f64001-dfd7-486e-a521-9ffbca5d664c","/data/DiscoIQ/projects/Adobe_Self-Service_Collaboration_20180104/content/xml-dita/analytics-dataconnectors-master/data-connectors/src-migrate/migration-test-20190801/selligent-overview/selligent-benefits.md"
"analytics-dataconnectors-master/data-connectors/src-migrate/selligent-activation.xml","1c2a1b1a-e428-40ff-b79c-c64f219494b4","/data/DiscoIQ/projects/Adobe_Self-Service_Collaboration_20180104/content/xml-dita/analytics-dataconnectors-master/data-connectors/src-migrate/migration-test-20190801/selligent-overview/selligent-activation/selligent-activation.md"
"analytics-dataconnectors-master/data-connectors/src-migrate/selligent-prereqs.xml","d799420d-7b06-4086-a6c6-18971296876c","/data/DiscoIQ/projects/Adobe_Self-Service_Collaboration_20180104/content/xml-dita/analytics-dataconnectors-master/data-connectors/src-migrate/migration-test-20190801/selligent-overview/selligent-activation/selligent-prereqs.md"
"analytics-dataconnectors-master/data-connectors/src-migrate/selligent-configure-variables.xml","3b7b8b4b-7614-4439-bcb0-dbdec5304844","/data/DiscoIQ/projects/Adobe_Self-Service_Collaboration_20180104/content/xml-dita/analytics-dataconnectors-master/data-connectors/src-migrate/migration-test-20190801/selligent-overview/selligent-activation/selligent-configure-variables.md"
"analytics-dataconnectors-master/data-connectors/src-migrate/selligent-prereqs-seligent.xml","3a43a1c0-5f51-4bc8-b6b9-0c46aa00ba9f","/data/DiscoIQ/projects/Adobe_Self-Service_Collaboration_20180104/content/xml-dita/analytics-dataconnectors-master/data-connectors/src-migrate/migration-test-20190801/selligent-overview/selligent-activation/selligent-prereqs-seligent.md"
"analytics-dataconnectors-master/data-connectors/src-migrate/selligent-deploy-integration.xml","c578bf26-34c2-44ea-8e60-2990273f8659","/data/DiscoIQ/projects/Adobe_Self-Service_Collaboration_20180104/content/xml-dita/analytics-dataconnectors-master/data-connectors/src-migrate/migration-test-20190801/selligent-overview/selligent-deploy-integration/selligent-deploy-integration.md"
"analytics-dataconnectors-master/data-connectors/src-migrate/selligent-wizard.xml","cb588162-18c6-4259-b802-50bc3816cc95","/data/DiscoIQ/projects/Adobe_Self-Service_Collaboration_20180104/content/xml-dita/analytics-dataconnectors-master/data-connectors/src-migrate/migration-test-20190801/selligent-overview/selligent-deploy-integration/selligent-wizard.md"
"analytics-dataconnectors-master/data-connectors/src-migrate/selligent-configuration.xml","198c7599-8938-46fa-8863-5d8fb3e35487","/data/DiscoIQ/projects/Adobe_Self-Service_Collaboration_20180104/content/xml-dita/analytics-dataconnectors-master/data-connectors/src-migrate/migration-test-20190801/selligent-overview/selligent-deploy-integration/selligent-configuration.md"
"analytics-dataconnectors-master/data-connectors/src-migrate/selligent-verify-integration.xml","153345ca-00ae-4b76-93fe-7e82a65ebc0e","/data/DiscoIQ/projects/Adobe_Self-Service_Collaboration_20180104/content/xml-dita/analytics-dataconnectors-master/data-connectors/src-migrate/migration-test-20190801/selligent-overview/selligent-deploy-integration/selligent-verify-integration.md"
"analytics-dataconnectors-master/data-connectors/src-migrate/selligent-plugin-code.xml","a71e7774-bc7a-414e-a116-739770b900bf","/data/DiscoIQ/projects/Adobe_Self-Service_Collaboration_20180104/content/xml-dita/analytics-dataconnectors-master/data-connectors/src-migrate/migration-test-20190801/selligent-overview/selligent-plugin-code.md"
"analytics-dataconnectors-master/data-connectors/src-migrate/silverpop-overview.xml","579d3100-4c34-48ff-a181-1465fa32b250","/data/DiscoIQ/projects/Adobe_Self-Service_Collaboration_20180104/content/xml-dita/analytics-dataconnectors-master/data-connectors/src-migrate/migration-test-20190801/silverpop-overview/silverpop-overview.md"
"analytics-dataconnectors-master/data-connectors/src-migrate/silverpop-benefits.xml","9c0d182a-5fd6-4b91-bc4e-d418f8e400c6","/data/DiscoIQ/projects/Adobe_Self-Service_Collaboration_20180104/content/xml-dita/analytics-dataconnectors-master/data-connectors/src-migrate/migration-test-20190801/silverpop-overview/silverpop-benefits.md"
"analytics-dataconnectors-master/data-connectors/src-migrate/silverpop-whatsnew.xml","7f6435ef-4533-44d6-96e2-2322d36884e4","/data/DiscoIQ/projects/Adobe_Self-Service_Collaboration_20180104/content/xml-dita/analytics-dataconnectors-master/data-connectors/src-migrate/migration-test-20190801/silverpop-overview/silverpop-whatsnew.md"
"analytics-dataconnectors-master/data-connectors/src-migrate/silverpop-marketing-segments.xml","3a6ed6bd-691b-43d3-b697-4e5f29890a97","/data/DiscoIQ/projects/Adobe_Self-Service_Collaboration_20180104/content/xml-dita/analytics-dataconnectors-master/data-connectors/src-migrate/migration-test-20190801/silverpop-overview/silverpop-marketing-segments.md"
"analytics-dataconnectors-master/data-connectors/src-migrate/silverpop-before-activation.xml","b911edc6-2265-48ed-9e3c-c79cc20dd9b2","/data/DiscoIQ/projects/Adobe_Self-Service_Collaboration_20180104/content/xml-dita/analytics-dataconnectors-master/data-connectors/src-migrate/migration-test-20190801/silverpop-overview/silverpop-before-activation/silverpop-before-activation.md"
"analytics-dataconnectors-master/data-connectors/src-migrate/silverpop-analytics.xml","269282da-9586-40aa-81ee-72bd230b21ab","/data/DiscoIQ/projects/Adobe_Self-Service_Collaboration_20180104/content/xml-dita/analytics-dataconnectors-master/data-connectors/src-migrate/migration-test-20190801/silverpop-overview/silverpop-before-activation/silverpop-analytics.md"
"analytics-dataconnectors-master/data-connectors/src-migrate/silverpop-integration.xml","74065378-7e4f-4c3e-9499-938ca45acd34","/data/DiscoIQ/projects/Adobe_Self-Service_Collaboration_20180104/content/xml-dita/analytics-dataconnectors-master/data-connectors/src-migrate/migration-test-20190801/silverpop-overview/silverpop-before-activation/silverpop-integration.md"
"analytics-dataconnectors-master/data-connectors/src-migrate/silverpop-pricing.xml","2a768ec2-c8ac-4fef-b732-0f74aab81841","/data/DiscoIQ/projects/Adobe_Self-Service_Collaboration_20180104/content/xml-dita/analytics-dataconnectors-master/data-connectors/src-migrate/migration-test-20190801/silverpop-overview/silverpop-before-activation/silverpop-pricing.md"
"analytics-dataconnectors-master/data-connectors/src-migrate/silverpop-variables.xml","3aef3caf-e24e-4fe7-b4d7-50ca0f6703b5","/data/DiscoIQ/projects/Adobe_Self-Service_Collaboration_20180104/content/xml-dita/analytics-dataconnectors-master/data-connectors/src-migrate/migration-test-20190801/silverpop-overview/silverpop-variables.md"
"analytics-dataconnectors-master/data-connectors/src-migrate/silverpop-wizard.xml","dc5e6a09-3238-412d-9980-4a105ce14819","/data/DiscoIQ/projects/Adobe_Self-Service_Collaboration_20180104/content/xml-dita/analytics-dataconnectors-master/data-connectors/src-migrate/migration-test-20190801/silverpop-overview/silverpop-wizard.md"
"analytics-dataconnectors-master/data-connectors/src-migrate/silverpop-analytics-code.xml","534874bd-49d9-4b15-8019-b503dfcf3182","/data/DiscoIQ/projects/Adobe_Self-Service_Collaboration_20180104/content/xml-dita/analytics-dataconnectors-master/data-connectors/src-migrate/migration-test-20190801/silverpop-overview/silverpop-analytics-code.md"
